"Nid","School code","School name","Location","Country","Intl GPA","US GPA","Notes"
"380","","DEFAULT Argetina","","Argentina","10/9/7.5/6","4.0/3.6/3.0/2.0","General USA Equivalence: A=9.0-10, B=7.5-8.9, C=6.0-7.4, D=4.0-5.9"
"4","7211413","Australian National University","Canberra","Australia","100/80/70/60","4.0/3.6/3.0/2.0","High Distinction = 80-100; Distinction = 70-79; Credit = 60-69; Pass = 50-59"
"391","S135987","Monash University","Melbourne, Victoria","Australia","100/80/70/60","4.0/3.6/3.0/2.0","High Distinction = 80-100; Distinction = 70-79; Credit = 60-69; Pass = 50-59"
"395","S131001","The University of New South Wales","Sydney","Australia","100/85/75/65","4.0/3.6/3.0/2.0","High Distinction = 85-100; Distinction = 75-84; Credit = 65-74; Pass = 50-64"
"428","","The University of Queensland","Queensland","Australia","7/6/5/4/3","4.0/3.0/2.0/1.0/0","7 = High Distinction, 6 = Distinction, 5 = Credit, 4 = Pass, 3 = Fail"
"330","7221002","University of Melbourne","Melbourne","Australia","100/80/75/70/65","4.0/3.6/3.0/2.0/1.0","80-100%= First Class Honours; 75- 79%= Second Class Honours, Division A; 70- 74%= Second Class Honours, Division B; 65-69%= Third Class Honours"
"398","","University Of Sydney","Sydney","Australia","100/85/75/65","4.0/3.6/3.0/2.0","High Distinction = 85 and over; Distinction = 75-84; Credit = 65-74; Pass = 50-64"
"345","","Johannes Kepler University Linz","Linz","Austria","1/2/3/4","4.0/3.0/2.0/1.0","1 = Sehr Gut/A, 2 = Gut/B, 3 = Befriedigend/C, 4 = Genugend/D"
"5","","Qafqaz University","","Azerbaijan","100/85/65/50","4.0/3.6/3.0/2.0","Excellent = 85-100; Good = 65-84; Satisfactory = 50-64"
"6","7211821","Bangladesh University of Engineering and Technology, Dhaka","","Bangladesh","4.0/3.7/3.3/3.0/2.7/2.3/2.0","4.0/3.7/3.3/3.0/2.7/2.3/2.0","Check to see if scale matches US 4.0 scale. If so, it is OK to use that school's 4.0 CGPA."
"396","","DEFAULT Bangladesh","","Bangladesh","100/60/45/33","4.0/3.6/3.0/2.0",""
"7","","Rajshahi University of Engineering and Technology - 4.0 Scale","","Bangladesh","4.0/3.7/3.3/3.0/2.7/2.3/2.0","4.0/3.7/3.3/3.0/2.7/2.3/2.0","Check to see if scale matches US 4.0 scale. If so, it is OK to use that school's 4.0 CGPA."
"8","","Rajshahi University of Engineering and Technology - Percentages","","Bangladesh","100/70/65/60/55/50/45","4.0/3.6/3.3/3.0/2.7/2.3/2.0",""
"474","","DEFAULT Belgium - 100-point scale","","Belgium","100/90/80/70/60","4.0/3.7/3.3/3.0/2.0","90-100=A+, 80-89=A, 70-79=B, 60-69=C"
"417","","DEFAULT Belgium - 20-point scale","","Belgium","20/18/16/14/12/10","4.0/3.7/3.3/3.0/2.0/1.7","18-20=A+, 16-17.99=A, 14-15.99=B, 12-13.99=C"
"376","","DEFAULT Brazil","","Brazil","10/9/8/7/6/5","4.0/3.6/3.3/3.0/2.5/2.0","9-10 = A; 7-8.9 = B; 5-6.9 = C"
"9","9802601","DEFAULT Canada","","Canada","100/80/65/55","4.0/3.6/3.0/2.0",""
"439","","McMaster University","Hamilton, ON","Canada","12/11/10/9/8/7/6","4.0/3.8/3.6/3.3/3.0/2.7/2.3",""
"10","","The University of British Columbia - Letter Grades","","Canada","4.0/3.7/3.3/3.0/2.7/2.3/2.0","4.0/3.7/3.3/3.0/2.7/2.3/2.0","Check to see if scale matches US 4.0 scale. If so, it is OK to use that school's 4.0 CGPA"
"11","","The University of British Columbia - Percentages Only","","Canada","100/85/80/76/72/68/64/60","4.0/3.85/3.7/3.3/3.0/2.7/2.3/2.0","A+ = 90-100; A = 85-89; A- = 80-84; B+ = 76-79; B = 72-75; B- = 68-71; C+ = 64-67; C = 60-63"
"12","7110091","University of Alberta - After 2003","","Canada","4.0/3.7/3.3/3.0/2.7/2.3/2.0","4.0/3.7/3.3/3.0/2.7/2.3/2.0","Check to see if scale matches US 4.0 scale. If so, it is OK to use that school's 4.0 CGPA"
"420","","York University","Toronto","Canada","9/8/7/6/5/4/3/2","4.0/3.7/3.3/3.0/2.7/2.5/2.0/1.7",""
"13","9802701","DEFAULT Chile","","Chile","7/6/5/4","4.0/3.6/3.0/2.0",""
"14","7223404","Pontifical Catholic University of Chile/Pontificia Universidad Catolica de Chile","Santiago","Chile","10/7/6/5/4","4.0/3.6/3.3/3.0/2.0","Outstanding = 7; Very Good = 6; Good = 5; Sufficient = 4"
"15","7211916","Beihang University","Beijing","China","100/85/70/60","4.0/3.6/3.0/2.0","A = 85-100; B = 70-84; C = 60-69; F = 0-59"
"16","7217738","Beijing Institute of Technology","Beijing","China","100/90/89/80/70","4.0/3.6/3.5/3.0/2.0","This is the DEFAULT China Chart"
"17","7210470","Beijing Jiaotong University","Beijing","China","100/86/81/76/71/66","4.0/3.6/3.3/3.0/2.7/2.0","A+ = 100-91, A = 90-86, B+ = 85-81, B = 80-76, C+ = 75-71, C = 70-66"
"450","","Beijing Normal University - 100-scale","Beijing","China","100/90/80/70","4.0/3.6/3.0/2.0","90-100 = A/Excellent; 80-89 = B/Good; 70-79 = C/Satisfactory"
"18","7110449","Beijing Normal University - Hong Kong Baptist University, United International College","","China","4.0/3.7/3.3/3.0/2.7/2.3/2.0","4.0/3.7/3.3/3.0/2.7/2.3/2.0","Check to see if scale matches US 4.0 scale. If so, it is OK to use that school's 4.0 CGPA"
"19","","Beijing University of Chemical Technology","","China","100/85/82/78/75/72/68","4.0/3.6/3.3/3.0/2.7/2.3/2.0","A+ = 95-100; A = 90-94; A- = 85-89; B+ = 82-84; B = 78-81; B- = 75-77; C+ = 72-74; C = 68-71"
"458","","Beijing University of Civil Engineering and Architecture","","China","100/90/85/82/78/75/72/68","4.0/3.9/3.7/3.3/3.0/2.7/2.3/2.0","90-100 = 4.0; 85-89 = 3.7; 82-84 = 3.3; 78-81 = 3.0; 75-77 = 2.7; 72-74 = 2.3; 68-71 = 2.0"
"20","7217335","Beijing University of Posts and Telecommunications","Beijing","China","100/90/80/70","4.0/3.6/3.0/2.0","A = 90-100; B = 80-89; C = 70-79; D = 60-69"
"430","","Beijing University of Technology-Dublin International College","Beijing/Dublin","China","4.2/4.0/3.8/3.6/3.4/3.2/2.8","4.0/4.0/3.7/3.3/3.0/2.7/2.0","3.8-4.2 = Excellence, 3.2-3.6 = Very Good, 2.6-3.0 = Good, 2.0-2.4 = Acceptable"
"21","7210479","Central South University","Changsha","China","100/90/89/80/70","4.0/3.6/3.5/3.0/2.0","This is the DEFAULT China Chart"
"22","7211777","Chang'an University","Xian","China","100/90/80/70/60","4.0/3.6/3.0/2.0/1.0","A = 90-100; B = 80-89; C = 70-79; D = 60-69"
"368","","China University of Mining and Technology","Beijing","China","100/85/80/75/70/67/65","4.0/3.7/3.3/3.0/2.7/2.3/2.0","90-100 = 4.0; 85-90 = 3.7; 80-85 = 3.3; 75-80 = 3.0; 70-75 = 2.7; 67-70 = 2.0; 65-67 = 2.0"
"23","","China University of Petroleum (East China)","","China","100/90/80/70/60","4.0/3.6/3.0/2.0/1.0","A = 100-90; B = 80-89; C = 70-79; D = 60-69"
"460","","China Univesity of Geosciences","","China","100/95/90/85/80/75/70","4.0/3.75/3.6/3.3/3.0/2.5/2.0","100=5.0, 95-100=4.5, 90-95=4.0, 85-90=3.5, 80-85=3.0, 75-80=2.5,70-75=2.0"
"24","7217680","Chongqing University","Chongqing","China","100/90/80/70/60","4.0/3.6/3.0/2.0/1.0","A = 90-100; B = 80-89; C = 70-79; D = 60-69"
"25","","Chongqing University of Posts and Telecommunications","","China","100/85/82/78/75/72/68","4.0/3.6/3.3/3.0/2.7/2.3/2.0","90=A, 85-89=A-, 82-84=B+, 78-81=B, 75-77+B-, 72-74=C+, 68-71=C"
"26","","Dalian Maritime University","","China","100/90/80/70/60","4.0/3.6/3.0/2.0/1.0","A = 90-100; B = 80-89; C = 70-79; D = 60-69"
"27","","Dalian University of Technology","Dalian","China","100/85/80/75/65/60","4.0/3.6/3.3/3.0/2.3/2.0","A+ = 100-95; A = 94-85; B+ = 84-80; B = 79-75; C+ = 74-65; C = 64-60"
"28","","Dalian University of Technology (Graduate)","","China","100/85/70/60","4.0/3.6/3.0/2.0","100-85 = 4.0; 84-70 = 3.0; 69-60 = 2.0; 59-0 = 0"
"29","9802731","DEFAULT China","","China","100/90/89/80/70","4.0/3.6/3.5/3.0/2.0",""
"387","","Donghua University","","China","5.0/4.5/4.0/3.5/3.0/2.5","4.0/3.85/3.7/3.3/3.0/2.5","100=5.0, 95=4.5, 90=4.0, 85= 4.0, 80= 3.0"
"445","","East China Jiaotong University","","China","100/95/85/75","4.0/3.6/3.0/2.0","Excellent = 9 5 = 4.5, Good = 85 = 3.5, Medium = 75 = 2.5"
"30","82569132","East China University of Science and Technology (ECUST)","Shanghai","China","4.0/3.7/3.3/3.0/2.7/2.3/2.0","4.0/3.7/3.3/3.0/2.7/2.3/2.0","Check to see if scale matches US 4.0 scale. If so, it is OK to use that school's 4.0 CGPA"
"31","7116407","Fudan University","Shanghai","China","4.0/3.7/3.3/3.0/2.7/2.3/2.0","4.0/3.7/3.3/3.0/2.7/2.3/2.0","Check to see if scale matches US 4.0 scale. If so, it is OK to use that school's 4.0 CGPA"
"32","","Fuzhou University Zhicheng College","","China","100/90/80/70","4.0/3.6/3.0/2.0","A = 90-100; B = 80-89; C = 70-79"
"33","7210532","Guangdong University of Technology","Guangzhou","China","100/90/89/80/70","4.0/3.6/3.5/3.0/2.0","This is the DEFAULT China Chart"
"34","","Guilin University of Electronic Technology","","China","100/90/80/70","4.0/3.6/3.0/2.0","A = 90-100; B = 80-89; C = 70-89"
"35","7217347","Hangzhou Dianzi University","Hangzhou/Zhejiang","China","100/90/89/80/70","4.0/3.6/3.5/3.0/2.0","This is the DEFAULT China Chart"
"429","","Hangzhou Dianzi University - 5 pt scale","Hangzhou/Zhejiang","China","5.0/4.5/4.4/4.0/3.5/3.0","4.0/3.7/3.3/3.0/2.7/2.0","5.0 = A, 4.0 = B, 3.0 = C, 2.0 = D"
"36","7211987","Harbin Engineering University (Formerly Harbin Shipbuilding Engineering Institute)","","China","100/90/80/70","4.0/3.6/3.0/2.0","If there is a 4.0 CGPA, use it. A = 90-100; B = 80-89; C = 70-79"
"37","7226871","Harbin Institute of Technology","Harbin","China","100/90/89/80/70","4.0/3.6/3.5/3.0/2.0","This is the DEFAULT China Chart"
"473","","Harbin University of Science and Technology","","China","100/90/80/70","4.0/3.6/3.0/2.0","90-100=A, 80-89=B, 70-79=C"
"38","","Hefei University of Technology","","China","100/85/75/66","4.0/3.6/3.0/2.0","A = 85-100; B = 75-84; C = 66-74"
"39","","Hohai University","","China","5.0/4.5/4.0/3.5/3.0/2.5","4.0/3.6/3.3/3.0/2.7/2.0","5 = 100-90; 4.5 = 89-85; 4.0 = 84-80; 3.5 = 79-75; 3.0 = 74-70; 2.5 = 69-65"
"40","","Hohai University - 100 Point Scale","","China","100/85/75/65","4.0/3.6/3.0/2.0",""
"462","","Huaqiao University - 100-scale","","China","100/90/80/70","4.0/3.6/3.0/2.0","90-100 = A, 80-89 = B, 70-79 = C"
"463","","Huaqiao University - 5.0-scale","","China","5.0/4.0/3.0","4.0/3.0/2.0","5 = A, 4 = B, 3 = C"
"41","7210755","Huazhong University of Science and Technology","Wuhan","China","100/85/70/60","4.0/3.6/2.5/1.5","85-100 = 4.0; 70-84 = 2.5-3.9; 60-69 = 1.5-2.4; Pass = 1.5"
"478","","Hubei University of Technology","","China","100/95/85/80/75","4.0/3.6/3.0/2.5/2.0","95-100 = Excellent, 85-94 = Good, 80-84 = Qualified, 75-79 = Medium"
"479","","Hubei University of Technology","","China","100/95/85/80/75","4.0/3.6/3.0/2.5/2.0","95-100 = Excellent, 85-94 = Good, 80-84 = Qualified, 75-79 = Medium"
"42","","Hunan University","Zhengzhou","China","100/90/80/70","4.0/3.6/3.0/2.0","A = 90-100; B = 80-89; C = 70-79"
"43","","Jiangnan University","","China","4.0/3.7/3.3/3.0/2.7/2.3/2.0","4.0/3.7/3.3/3.0/2.7/2.3/2.0","Check to see if scale matches US 4.0 scale. If so, it is OK to use that school's 4.0 CGPA"
"367","","Jiangsu University of Science and Technology","","China","100/95/85/75","4.0/3.6/3.0/2.0","A = 95; B = 85; C = 75"
"44","7222150","Jilin University","Changchun","China","100/90/80/70","4.0/3.6/3.0/2.0","A = 90-100; B = 80-89; C = 70-79"
"413","","Lanzhou University","","China","100/90/89/80/70","4.0/3.6/3.5/3.0/2.0","A:Excellent 90-100, B: Good 80-89, C:Medium 70-79, D:Passed 60-69 "
"381","","Lanzhou University of Technology","","China","100/85/75/65","4.0/3.6/3.0/2.0","100= 4.0, 85=3.6, 75=3.0, 65= 2.0"
"45","","Lanzhou University of Technology","","China","100/85/70/60","4.0/3.6/3.0/2.0","100-85 = 4.0; 84-70 = 3.0; 69-60 = 2.0; 59-0 = 0"
"335","7217350","Liaoning Shihua University","Dalian","China","100/90/80/70","4.0/3.6/3.0/2.0",""
"419","","Liaoning University","","China","100/95/85/75","4.0/3.6/3.0/2.0","Excellent = 95, Good = 85, Middle = 75"
"371","","Minzu University of China","","China","100/90/89/80/70","4.0/3.6/3.5/3.0/2.0","90-100 = 4.0-5.0; 80-89 = 3.0-3.9; 70-79 = 2.0-2.9"
"46","","Nanchang Hangkong University","","China","100/85/75/65","4.0/3.6/3.0/2.0","A = 100-85; B = 84-75; C = 74-65"
"47","","Nanjing Agricultural University - 100 Point Scale","","China","100/90/89/80/70","4.0/3.6/3.5/3.0/2.0","This is the DEFAULT China Chart"
"48","","Nanjing Agricultural University - 4.5 Point Scale","","China","4.5/4.0/3.5/3.0/2.5/2.0","4.0/3.7/3.3/3.0/2.3/2.0","4.5 = 100-95; 4.0 = 94-90; 3.5 = 89-85; 3.0 = 84-80; 2.5 = 79-75; 2.0 = 74-70"
"49","","Nanjing Forestry University - 100 Point Scale","","China","100/90/80/70","4.0/3.6/3.0/2.0","A = 100-95 & 94-90; B = 89-85 & 84-80; C = 79-75 & 74-70"
"50","","Nanjing Forestry University - 4.5 Point Scale","","China","4.5/4.0/3.5/3.0/2.5/2.0","4.0/3.7/3.3/3.0/2.3/2.0","4.5 = 100-95; 4.0 = 94-90; 3.5 = 89-85; 3.0 = 84-80; 2.5 = 79-75; 2.0 = 74-70"
"51","7211192","Nanjing Normal University","Nanjing","China","100/90/80/70","4.0/3.6/3.0/2.0","A = 90-100; B = 80-89; C = 70-79"
"358","","Nanjing Tech University (after 2015)","Nanjing","China","100/86/82/79/75/71/68","4.0/3.7/3.3/3.0/2.7/2.3/2.0","90+ = 4.0, 89-86 = 3.7, 85-82 = 3.2, 81-79 = 3.0, 78-75 = 2.7, 74-71 = 2.3, 70-68 = 2.0"
"52","7217664","Nanjing University","Nanjing","China","100/90/80/70","4.0/3.6/3.0/2.0","A = 90-100; B = 80-89; C = 70-79"
"53","","Nanjing University of Aeronautics and Astronautics","","China","5.0/4.0/3.0/2.0","4.0/3.6/3.0/2.0","90-100 = 4-5; 80-90 = 3-4; 70-80 = 2-3"
"54","7218194","Nanjing University of Posts and Telecommunications","Nanjing","China","100/90/89/80/70","4.0/3.6/3.5/3.0/2.0","This is the DEFAULT China Chart"
"386","","Nanjing University of Posts and Telecommunications - 5.0 Point Scale","","China","5.0/4.0/3.0/2.0","4.0/3.6/3.0/2.0","A = 4.0-5.0; B = 3.0-3.9; C = 2.0-2.9"
"55","7210490","Nanjing University of Science and Technology","Nanjing","China","100/90/80/70","4.0/3.6/3.0/2.0","A = 90-100; B = 80-89; C = 70-79"
"56","7219917","Nankai University","Tianjin","China","100/85/80/75/70","4.0/3.6/3.0/2.7/2.0","A = 90-100; A- = 85-89; B = 80-84; B- = 75-79; C = 70-74"
"389","","Nantong University","","China","100/95/85/75","4.0/3.6/3.0/2.0","Excellent = 95, Good = 85, Average = 75"
"57","","North China Electric Power University","","China","100/90/89/80/70","4.0/3.6/3.5/3.0/2.0","This is the DEFAULT China Chart"
"58","7210608","North China University of Technology","Beijing","China","100/86/71/66","4.0/3.6/3.0/2.0","A = 86-100; B = 71-85; C = 66-70"
"467","","Northeast Agricultural University","","China","100/90/80/70","4.0/3.6/3.0/2.0","90=A, 80=B, 70=C"
"392","","Northeastern University","","China","5.0/4.5/3.5/2.5","4.0/3.8/3.28/2.5","A (95), B (85), C (75), D (65), F (0)"
"59","7217415","Northeastern University at Qinhuangdao","Qinhuangdao/Hebei","China","100/90/80/70","4.0/3.6/3.0/2.0","Excellent = 90-100; Good = 80-89; Medium = 70-79"
"60","","Northwest A&F University","","China","100/90/80/70","4.0/3.6/3.0/2.0","Excellent = 90-100; Good = 80-89; Medium = 70-79"
"61","7213706","Northwestern Polytechnical University","Xian","China","100/85/80/75/70/67/65","4.0/3.6/3.3/3.0/2.7/2.3/2.0","A+ = 95-100; A = 90-94.9; A- = 85-89.9; B+ = 80-84.9; B = 75-79.9; B- = 70-74.9; C+ = 67-69.9; C = 65-66.9"
"332","7219173","Ocean University of China","Qingdao","China","100/90/85/81/78/75/71/68","4.0/3.9/3.7/3.3/3.0/2.7/2.3/2.0",""
"62","7110266","Peking University","Peking","China","100/85/81/78/75/72/68","4.0/3.6/3.3/3.0/2.7/2.3/2.0","A+ = 95-100; A = 90-94; A- = 85-89; B+ = 81-84; B = 78-80; B- = 75-77; C+ = 72-74; C = 68-71"
"327","7215128","Qingdao University of Science & Technology","Qingdao","China","","","Use Default China scale"
"63","7210854","Shandong University","Unknown","China","100/90/80/70","4.0/3.6/3.0/2.0","A = 90-100; B = 80-89; C = 70-79"
"64","7210254","Shanghai Jiaotong University - After 2005","Shanghai","China","100/85/80/75/70/67/65/62","4.0/3.7/3.3/3.0/2.7/2.3/2.0/1.7","A = 90-100; A- = 85-90; B+ = 80-85; B = 75-80; B- = 70-75; C+ = 67-70; C = 65-67; C- = 62-65"
"65","","Shanghai Jiaotong University - Before 2004","","China","100/85/75/60","4.0/3.6/3.0/2.0","A = 85-100; B = 75-85; C = 70-75 & 60-70"
"66","7210664","Shanghai Maritime University","Shanghai","China","4.0/3.7/3.3/3.0/2.7/2.3/2.0","4.0/3.7/3.3/3.0/2.7/2.3/2.0","Check to see if scale matches US 4.0 scale. If so, it is OK to use that school's 4.0 CGPA"
"67","","Shanghai Normal University - After 2014","","China","100/90/85/80/75/70","4.0/3.6/3.3/3.0/2.3/2.0","A = 100-90; B+ = 89-85; B = 84-80; C+ = 79-75; C = 74-70"
"68","","Shanghai Normal University - Before 2013","","China","100/90/80/70","4.0/3.6/3.0/2.0","Excellent = 90-100; Good = 80-89; Fair = 70-79"
"69","7110366","Shanghai University","Shanghai","China","4.0/3.7/3.3/3.0/2.7/2.3/2.0","4.0/3.7/3.3/3.0/2.7/2.3/2.0","Check to see if scale matches US 4.0 scale. If so, it is OK to use that school's 4.0 CGPA"
"356","","Shenyang Ligong University","","China","100/90/80/70","4.0/3.6/3.0/2.0","90-100 (Excellent) = 4.0-5.0, 80-89 (Good) = 300-3.9, 70-79 (Middle) = 2.0-2.9"
"461","","Sichuan Agricultural University","","China","100/90/80/70","4.0/3.6/3.0/2.0","90-100=4.0, 80-89=3.0, 70-79=2.0"
"70","7218436","Sichuan University","Cheng Du","China","100/85/75/60","4.0/3.6/2.7/1.0",""
"464","","South China Agricultural University","","China","100/90/80/70","4.0/3.6/3.0/2.0","90-100 = A, 80-89 = B, 70-79 = C"
"71","7219202","South China Normal University","Guangzhou","China","100/90/80/70","4.0/3.6/3.0/2.0","A = 100-90; B = 89-80; C = 79-70"
"414","","South China Normal University - 5 point scale","","China","5.0/4.0/3.0/2.0","4.0/3.6/3.0/2.0","A = 4.0-5.0; B = 3.0-3.9; C = 2.0-2.9"
"72","7214200","South China University of Technology","","China","100/90/89/80/70","4.0/3.6/3.5/3.0/2.0","This is the DEFAULT China Chart"
"384","","South China University of Technology - 4.0 scale","","China","4.0/3.7/3.3/3.0/2.7/2.3","4.0/3.3/3.0/2.7/2.3/2.0",""
"73","","Southeast University","Nangjing","China","100/85/75/60","4.0/3.6/3.0/2.0","A = 100-85; B = 84-75; C = 74-60 (Use GPA on transcript if shown)"
"74","","Southern Medical University","","China","100/88/75/65","4.0/3.6/3.0/2.0","A = 88-100; B = 75-87; C = 65-74"
"385","","Southern University of Science and Technology","","China","4/3.94/3.85/3.73/3.55/3.32/3.09/2.78","4/3.9/3.7/3.3/3.0/2.7/2.3/2.0","A+ = 4, A = 3.94, A- = 3.85, B+ = 3.73, B = 3.55, B- = 3.32, C+ = 3.09, C = 2.78"
"75","","Southwest Jiaotong University","","China","100/85/82/78/75/72/68","4.0/3.7/3.3/3.0/2.7/2.3/2.0","4.0 = 90-100; 3.7 = 85-89; 3.3 = 82-84; 3.0 = 78-81; 2.7 = 75-77; 2.3 = 72-74; 2.0 = 68-71"
"469","","Southwest Petroleum University","","China","100/95/85/75","4.0/3.6/3.0/2.0","95=A, 85=B, 75=C"
"76","7110212","Sun Yat-Sen University - 100 Point Scale","","China","100/90/80/70","4.0/3.6/3.0/2.0","A = 90-100; B = 80-89; C = 70-79"
"77","","Sun Yat-Sen University - 5.0 Point Scale","","China","5.0/4.0/3.0/2.0","4.0/3.6/3.0/2.0","A = 4.0-5.0; B = 3.0-3.9; C = 2.0-2.9"
"78","","The Sino-British College","","China","100/70/60/50","4.0/3.6/3.0/2.0","A* = 80+; A = 70-79; B = 60-69; C = 50-59"
"397","","The University of Nottingham China","Ningbo","China","100/65/60/55/50/45/43","4.0/3.6/3.3/3.0/2.7/2.3/2.0","A = 70+; A- = 65; B+ = 60; B = 55; B- = 50; C+ = 45; C = 43 (Follows UK mark scale)"
"80","7210545","Tianjin University","","China","100/89/84/81/77/74/71","4.0/3.7/3.3/3.0/2.7/2.3/2.0","Check to see if scale matches US 4.0 scale. If so, it is OK to use that school's 4.0 CGPA"
"81","7210461","Tianjin University of Science and Technology","Tianjin","China","100/90/80/70","4.0/3.6/3.0/2.0","A = 90-100; B = 80-89; C = 70-79"
"427","","Tianjin University of Technology","","China","5.0/4.5/4.0/3.5/3.0/2.5","4.0/3.85/3.7/3.3/3.0/2.5","100=5.0, 95=4.5, 90=4.0, 85= 4.0, 80= 3.0"
"83","7115141","Tong-ji University - 100 Point Scale","","China","100/90/80/70","4.0/3.6/3.0/2.0","A (90-100) = 5; B (80-89) = 4; C (70-79) = 3; D (60-69) = 2"
"369","","Tongji University - 100-point scale","Hubei","China","100/90/80/70","4.0/3.6/3.0/2.0","A = 90-100; B = 80-89; C = 70-79"
"82","","Tongji University - 5.0 Scale","Hubei","China","5/4/3/2","4/3/2/1","Enter Chinese 5.0 CGPA to convert. A (90-100) = 5; B (80-89) = 4; C (70-79) = 3; D (60-69) = 2"
"317","7210215","Tsinghua University","Beijing","China","100/90/89/80/70","4.0/3.6/3.5/3.0/2.0",""
"431","","Tsinghua University - 4.0 scale","Beijing","China","4.0/3.6/3.3/3.0/2.3","4.0/3.3/3.0/2.7/2.0",""
"84","7217542","University of Electronic Science and Technology of China","Cheng Du","China","100/85/82/78/75/72/68","4.0/3.7/3.3/3.0/2.7/2.3/2.0","Used Centesimal Grade and Point Values"
"85","7212569","University of Macau","Macau","China","4.0/3.7/3.3/3.0/2.7/2.3/2.0","4.0/3.7/3.3/3.0/2.7/2.3/2.0","Check to see if scale matches US 4.0 scale. If so, it is OK to use that school's 4.0 CGPA"
"86","","University of Science and Technology of China","Beijing","China","100/85/82/78/75/72/68","4.0/3.6/3.3/3.0/2.7/2.3/2.0","A+ = 100-95; A = 94-90; A- = 89-85; B+ = 84-82; B = 81-78; B- = 77-75; C+ = 74-72; C = 71-68"
"87","7210480","University of Science and Technology of China - Beijing","Beijing","China","4.3/4.0/3.7/3.0/2.0","4.0/4.0/3.7/3.0/2.0",""
"318","7118089","University of Science and Technology of China - Hefei","Hefei","China","4.3/4.0/3.7/3.0/2.0","4.0/4.0/3.7/3.0/2.0",""
"88","","University of Shanghai For Science and Technology","","China","100/90/85/80/75/70","4.0/3.75/3.5/3.0/2.5/2.0","A = 95-100 & 90-94; B = 85-89; B- = 80-84; C+ = 75-79; C = 70-74"
"465","","University of Waterloo","","China","100/85/80/77/73/70/67/63","4.0/3.9/3.8/3.7/3.3/3.0/2.7/2.0","90-100 = A+, 85-89 = A, 80-84 = A-, 77-79 = B+, 73-76 = B, 70-72 = B-, 67-69 = C+, 63-66 = C"
"319","7210471","Wuhan Institute of Technology","Wuhan","China","4.0/3.7/3.3/3.0/2.7/2.3/2.0","4.0/3.7/3.3/3.0/2.7/2.3/2.0","Check to see if scale matches US 4.0 scale. If so, it is OK to use that school's 4.0 CGPA"
"320","7212161","Wuhan University","Wuhan","China","100/85/82/78/68","4.0/3.7/3.3/3.0/2.0","4.0 = 90-100; 3.7 = 85-89; 3.3 = 82-84; 3.0 = 78-81; 2.0 = 65-74"
"89","","Wuhan University of Science and Technology","Wuhan","China","4.0/3.7/3.3/3.0/2.7/2.3/2.0","4.0/3.7/3.3/3.0/2.7/2.3/2.0","Check to see if scale matches US 4.0 scale. If so, it is OK to use that school's 4.0 CGPA"
"90","7214199","Wuhan University of Technology","Wuhan","China","100/85/75/65","4.0/3.6/3.0/2.0","4.0 = 85-100; 3.0 = 75-84; 2.0 = 65-74"
"93","7212178","Xi'an Jiaotong University","Xi'an","China","100/90/85/81/78/75/72/68","4.0/3.9/3.7/3.3/3.0/2.7/2.3/2.0","A+ = 95-100, A = 90-94, A- = 85-89, B+ = 81-84, B = 78-80, B- = 75-77, C+ = 72-74, C = 68-71"
"377","","Xi'an University of Technology","Xi'an","China","100/85/75/60","4.0/3.6/3.0/2.0","85-100 = High Distinction; 75-84 = Distinction; 65-74 = Credit"
"91","","Xiamen University - After 2012","","China","4.0/3.7/3.3/3.0/2.7/2.3/2.0","4.0/3.7/3.3/3.0/2.7/2.3/2.0","Use Credits and Grades calc sheet to type in US GPA POINTS and credits"
"379","","Xiamen University - After 2012 (100-point scale)","","China","100/90/85/81/78/75/72/68","4.0/3.9/3.7/3.3/3.0/2.7/2.3/2.0","A+ = 95-100; A = 90-94; A- = 85-89; B+ = 81-84; B = 78-80; B- = 75-77; C+ = 72-74; C = 68-71"
"92","","Xiamen University - Between 2002 and 2012","","China","100/85/70/60","4.0/3.6/3.0/2.0","A = 85-100; B = 70-84; C = 60-69; F = 0-59"
"94","7216889","Xidian University","Xian","China","100/85/82/78/75/72/69","4.0/3.7/3.3/3.0/2.7/2.3/2.0","A = 90-100; A- = 85-89; B+ = 82-84; B = 78-81; B- = 75-77; C+ = 72-74; C = 69-71"
"95","7210460","Xihua University","Chengdu","China","100/85/75/60","4.0/3.6/3.0/2.0","A = 85-100; B = 75-84; C = 60-74"
"357","","Xi`an University of Posts & Telecommunications","","China","100/85/82/78/75/72/68","4.0/3.7/3.3/3.0/2.7/2.3/2.0","90-100=4.0, 85-89=3.7, 82-84=3.3, 78-81=3.0, 75-77=2.7, 72-74=2.3, 68-71=2.0"
"96","7210456","Zhejiang University","Hangzhou","China","4.0/3.7/3.3/3.0/2.7/2.3/2.0","4.0/3.7/3.3/3.0/2.7/2.3/2.0",""
"97","7217358","Zhejiang University of Technology","Hangzhou/Zhejiang","China","100/90/80/70","4.0/3.6/3.0/2.0","Excellent = 100-90; Good = 89-80; Medium = 79-70"
"448","","DEFAULT Colombia - 5.0-point scale","","Colombia","5/4/3","4.0/3.6/2.0","5 = A, 4 = B, 3 = C"
"402","","DEFAULT Costa Rica","","Costa Rica","10/9.5/8.5/7.5","4.0/3.6/3.0/2.0","9.5-10=A, 8.5-9.4=B, 7.5-8.4=C"
"444","","DEFAULT Ecuador - 10-point scale","","Ecuador","10/9/7.5/6","4.0/3.6/3.0/2.0","9-10=A, 7.5-8.99 = B, 6-7.49=C"
"466","","Escuela Superior Politecnico del Litoral","","Ecuador","10/8.0/7.0/6.5/6.0","4.0/3.7/3.3/3.0/2.0","9-10=A+, 8-8.99=A, 7-7.99=B+, 6.50-6.99=B, 6-6.49=C"
"98","7211533","Ain Shams University","Cairo","Egypt","100/85/75/65","4.0/3.6/3.0/2.0","Distinction = 85+; Very Good = 75-85; Good = 65-75; Pass = 50-65"
"99","","Cairo University","Cairo","Egypt","4.0/3.7/3.3/3.0/2.7/2.3/2.0","4.0/3.7/3.3/3.0/2.7/2.3/2.0","Check to see if scale matches US 4.0 scale. If so, it is OK to use that school's 4.0 CGPA"
"100","","DEFAULT Egypt","","Egypt","100/85/84/75/65","4.0/3.6/3.5/3.0/2.0",""
"101","","German University in Cairo","","Egypt","","","Use the Letter Grade Worksheet"
"102","7227355","Xi'an Jiaotong-Liverpool University","Suzhou/Jiangsu","England","100/70/60/50","4.0/3.6/3.0/2.0","A = 70-100; B = 60-69; C = 50-59"
"360","","DEFAULT France","","France","20/16/14/12/10","4.0/3.6/3.3/3.0/2.0","16-20=A+, 14-15=A, 12-13=B, 10-11=C"
"331","","Ecole Nationale Superieure de Chimie de Paris","Paris","France","20/16/14/12/10","4.0/3.6/3.3/3.0/2.0","16-20=A+, 14-15=A, 12-13=B, 10-11=C"
"416","","Albert-Ludwig's University of Freiburg","","Germany","4.0/3.5/2.5/1.5/1.0","1.0/2.0/3.0/3.7/4.0","1.0 to 1.5 = excellent, 1.6 to 2.5 = good, 2.6 to 3.5 = satisfactory, 3.6 to 4.0 = sufficient"
"437","","DEFAULT Germany","","Germany","4.0/3.0/2.0/1.5/1.0","1.0/2.0/3.0/3.6/4.0","1 = Very Good A, 2 = Good B, 3 = satisfactory C, 4 = sufficient D"
"103","7114787","Ruhr University of Bochum","Bochum","Germany","100/95/84/73/62/50","4.0/3.7/3.3/3.0/2.3/2.0","Excellent = 95-100; Very Good = 84-94; Good = 73-83; Satisfactory = 62-72; Sufficient = 50-61"
"104","","Technische Universitat Darmstadt","","Germany","","","Check GPA book"
"482","","KAAF University College","","Ghana","100/70/60/50/40","4.0/3.6/3.0/2.0/1.0","70-100 = A (Excellent), 60-69.99 = B (Very Good), 50-59.99 = C (Good), 40-49.99 = D (Satisfactory)"
"449","","Kwame Nkrumah University of Science and Technology","","Ghana","100/70/60/50","4.0/3.6/3.0/2.0","70-100 = A/Excellent/First Class; 60-69 = B/Very Good/Second Class (Upper Division); 50-59 = C/Good/Second Class (Lower Division)"
"105","","DEFAULT Great Britain","","Great Britain","100/70/60/50","4.0/3.6/3.0/2.0","A = 70-100; B = 60-69; C = 50-59"
"351","7214751","Lancaster University","Lancaster","Great Britain","24/17/14.5/11.5/9","4.0/3.5/3.0/2.0/1.0","17.1-24 = First class honours, 14.5-17 = Upper second class honours, 11.5-14.4 = Lower second class honours, 9-11.4 = Third class honours
Scale found online and approved by Joanna Itoh 2/16/18"
"106","","Athens University of Economics & Business","","Greece","10/8.5/6.5/5","4.0/3.6/3.0/2.0","Excellent = 8.51-10; Very Good = 6.51-8.5; Good = 5-6.5"
"107","","DEFAULT Greece - Technical Universities","","Greece","10/9/8.9/7.5/7.4/6.0","4.0/3.6/3.5/3.0/2.9/2.0",""
"108","","DEFAULT Greece - Universities","","Greece","10/8.5/8.4/6.5/5.0","4.0/3.6/3.5/3.0/2.0",""
"109","","Technological Educational Institute of Messolonghi","","Greece","10/8.5/6.5/5","4.0/3.6/3.0/2.0","Excellent = 8.50-10; Very Good = 6.50-8.49; Good = 5-6.49"
"110","","University of Patras","","Greece","10/8.5/6.5/5","4.0/3.6/3.0/2.0","Excellent = 8.5+; Very Good = 6.50-8.50; Good = 5.0-6.50; Unsuccessful = Lower than 5"
"111","7218223","City University of Hong Kong","Hong Kong","Hong Kong","4.3/4.0/3.7/3.0/2.0","4.0/3.8/3.6/3.0/2.0","4.3 Scale."
"112","","The China University of Hong Kong","","Hong Kong","4.0/3.7/3.3/3.0/2.7/2.3/2.0","4.0/3.7/3.3/3.0/2.7/2.3/2.0","Check to see if scale matches US 4.0 scale. If so, it is OK to use that school's 4.0 CGPA"
"113","","The Hong Kong Polytechnic University","","Hong Kong","4.5/4.0/3.0/2.0","4.0/3.6/3.0/2.0","4.5 Scale."
"346","","DEFAULT Hungary","","Hungary","5/4/3/2","4.0/3.0/2.0/1.0","5 = Jeles(Excellent)/A, 4 = Jo(Good)/B, 3 = Kozepes(Fair)/C, 2 = Elegseges(Sufficient)/D"
"394","","DEFAULT Iceland","","Iceland","10/9/7.25/6","4.0/3.6/3.0/2.0","A = 9.00-10.00, B = 7.25-8.99, C = 6.00-7.24"
"340","","Aligarh Muslim University","Aligarh","India","10/8.5/7/6.5/6/4","4.0/3.6/3.3/3.0/2.5/1.0","First Division with Honors above 8.5, First Division above 6.5, Second Division less than 6.5"
"366","","Amity University","Noida","India","10/8.5/6.5/6.0","4.0/3.6/3.0/2.0","8.5+ = First Division with Distinction, 6.5-8.5 = First Division, 6.0-6.5 = Second Class"
"114","","Amrita Vishwa Vidyapeetham University","","India","10/9/8/7.5/7/6.5/6","4.0/3.7/3.3/3.0/2.7/2.3/2.0","A+ = 10; A = 9; B+ = 8; B = 7.5; B- = 7; C+ = 6.5; C = 6"
"115","7211335","Anna University, Chennai","Chennai","India","10/9/8/7/6","4.0/3.7/3.0/2.0/1.7","S = 10; A = 9; B = 8; C = 7"
"121","","B.S. Abdur Rahman University","","India","10/8/7/6","4.0/3.0/2.0/1.0","S = 10; A = 9; B = 8; C = 7"
"116","","Banasthali University","","India","100/60/48/36","4.0/3.6/3.0/2.0","First Division = 60+; Second Division = 48-60; Passing = 36"
"117","","Biju Patnaik University of Technology, Odisha Rourkela","","India","10/8/7/6","4.0/3.6/3.0/2.0","Outstanding = 10; Excellent = 9; Very Good (A) = 8; Good (B) = 7; Fair ( C) = 6"
"119","7228312","Birla Institute of Technology","","India","10/7/6/5","4.0/3.6/3.0/2.0","First Class with Distinction = 7.0 and above; First Class = 6.0 to 6.99; Second Class = 5.0 to 5.99"
"118","7114656","Birla Institute of Technology and Science, Pilani (Rajasthan)","","India","10/9/7/4.5","4.0/3.6/3.0/2.0","Distinction = 9+; First Class = 7-9; Second Class = 4.5-7"
"120","","BMS College of Engineering, Bangalore","","India","10/7.75/6.75/5.75","4.0/3.6/3.0/2.0","Distinction = 7.75+; First Class = 6.75+; Second Class = 5.75+"
"411","","Chaitanya Bharathi Institue of Technology","","India","10/9/8/7/6/5.5/5/4.01","4.0/3.9/3.8/3.7/3.6/3.5/3.0/2.0","O = 9-10, A++ = 8-8.99, A+ = 7-7.99, A = 6-6.99, B+ = 5.5-5.99, B = 5.0 -5.49, C+ = 4.5-4.99, C = 4.0-4.59"
"122","","Charotar University of Science and Technology","","India","10/9/8/7/6","4.0/3.7/3.0/2.7/2.0","A = 10; A- = 9; B = 8; B- = 7; C = 6"
"123","","Chhattisgarh Swami Vivekanand Technical University","","India","10/9/8/7/6","4.0/3.7/3.3/3.0/2.3","A+ = 10; A = 9; B+ = 8; B = 7; C+ = 6; C = 5"
"337","","Chitkara University","","India","10/9/8/7/6.5/6/5/4.5/4/2","4.0/3.8/3.7/3.3/3.0/2.7/2.3/2.0/1.7/1.0","A+ = 10, A = 9, A- = 8, B+ = 7, B = 6.5, B- = 6, C+ = 5, C = 4.5, C- = 4.0, D = 2.0"
"125","7110519","Coimbatore Institute of Technology","Coimbatore","India","10/9/8/7","4.0/3.6/3.0/2.0","S = 10; A = 9; B = 8; C = 7"
"124","","College of Engineering, Pune","","India","10/9/8/7/6","4.0/3.7/3.0/2.7/2.0","AA = 10; AB = 9; BB = 8; BC = 7; CC = 6"
"126","","Cummins College of Engineering for Women","","India","100/66/60/55/50/40","4.0/3.6/3.0/2.7/2.3/2.0","Distinction = 66+ ; First Class = 60-66; Higher 2nd Class = 55-60; 2nd Class = 50-55; Pass = 40-50"
"475","","D.Y. Patil - 7-point scale","","India","7/6/5/4/3/2/1","4.0/3.9/3.7/3.3/3.0/2.3/2.0","7=O, 6=A+, 5=A, 4=B+, 3=B, 2=C+, 1=C"
"127","","Datta Meghe College of Engineering - 10-point scale","","India","10/8.25/7.75/7.25/6.75","4.0/3.7/3.3/3.0/2.0","8.25 = 75 = A; 7.75 = 70 = B+; 7.25 = 65 = B; 6.75 = 60 = C "
"472","","Datta Meghe College of Engineering - 100-percentage scale","","India","100/70/60/50","4.0/3.6/3.0/2.0","70+ = First Class with Distinction, 60-69 = First Class, 50-59 = Second Class"
"393","","Dayananda Sagar College of Engineering","","India","10/9/8/7/6","4.0/3.8/3.6/3.0/2.0","10 = S+, 9 = S, 8 = A, 7 = B, 6 = C"
"370","","DEFAULT India - 10-point scale","","India","10/9/8/7","4.0/3.6/3.0/2.0",""
"130","","DEFAULT India - Letter Grades","","India","","","Use Letter Grade Worksheet; AA = A, AB = A-, BB = B, BC = B-, CC = C, CD = C-"
"129","","DEFAULT India - Other Traditional Patterns (B.Engr, B.Arch)","","India","100/70/60/50","4.0/3.6/3.0/2.0","Distinction = 70-75; First Class = 60-69; Second Class = 50-59; Third Class = 40-49"
"128","","DEFAULT India - Predominant (BS, BSc, MA, MSc)","","India","100/60/45/33","4.0/3.6/3.0/2.0","First Division = 60+; 2nd Division = 45-60; 3rd Division = 33-44; Fail = Below 33"
"131","","Delhi Technological University","","India","100/75/60/50/40","4.0/3.6/3.0/2.0/1.0","Distinction = 75+ ; First Class = 60-75; 2nd Class = 50-60; Pass = 40-50"
"132","","Dharmsinh Desai University","","India","10/7.5/7/6","4.0/3.6/3.0/2.0","Distinction = 7.5+; First Class = 7.0-7.49; 2nd Class = 6.00-6.99; Pass = 5.00-5.99"
"364","7229450","Dhirubhai Ambani Institute of Information and Communication Technology","Ahmedabad","India","10/9/8/7/6","4.0/3.6/3.0/2.6/2.0","AA = 10, AB = 9, BB = 8, BC = 7, CC = 6"
"133","","Don Bosco Institute of Technology","","India","100/70/60/50","4.0/3.6/3.0/2.0","Distinction = 70; First Class = 60-70; 2nd Class = 50-60; Pass = 40-50"
"134","","DRAPJ Abdul Kalam Technical University","","India","100/75/60/50","4.0/3.6/3.0/2.0","Honors = 75+ ; First Division = 60+ ; 2nd Division = 50+ ; Pass = 40+"
"135","7210590","Dwarkadas J. Sanghvi College of Engineering","Mumbai","India","10/9/8/7","4.0/3.7/3.0/2.0","O = 10 or 80+% ; A = 9 or 75-79.99%; B = 8 or 70-74.99%; C = 7 or 60.00-69.99%"
"136","","Fr Conceicao Rodrigues College of Engineering","","India","10/9/8/7/6","4.0/3.7/3.3/2.3/2.0","O = 10; A = 9; B = 8; C = 7"
"137","","Gandhi Institute of Technology and Management","","India","10/8/7/6/5","4.0/3.7/3.3/3.0/2.0","Use Letter Grade Worksheet; Use ""O"" as A+"
"138","","Ganpat University","","India","10/8/7/6/5","4.0/3.6/3.3/3.0/2.3/2.0","A+ = 100-90; A = 89-80; B+ = 79-70; B = 69-60; C+ = 59-50; C = 49-40"
"139","","Goa University","","India","100/70/60/50","4.0/3.6/3.0/2.0","Distinction = 70+ ; First Class = 60+ ; 2nd Class = 50-60; Pass = 40-50"
"140","","Govind Ballabh Pant University of Agriculture and Technology","","India","10/7.75/6.75/6","4.0/3.6/3.0/2.0","Distinction = 7.75+ ; 1st Division = 6.75-7.749; 2nd Division = 6.00-6.749; Pass = 5.00-5.99"
"141","","Gujarat Technological University, Ahmedabad","","India","10/7.1/6.5/5.5","4.0/3.6/3.0/2.0","Distinction = 7.1+ ; First Class = 6.5+ ; 2nd Class = 5.5+"
"142","","Guru Gobind Singh Indraprastha University, Delhi","","India","100/75/60/50","4.0/3.6/3.0/2.0","90% and above is First class with distinction; 75% and above but below 90%: first class with distinction; 60% and above but below 75% : first class; 50% and above but below 60%: second class
"
"143","","Indian Institute of Engineering Science and Technology, Shibpur","","India","10/8/7/6","4.0/3.6/3.0/2.0","O = 10; E = 9; A = 8; B = 7; C = 6"
"144","","Indian Institute of Information Technology Allahabad","","India","","","Use the Letter Grade Worksheet"
"145","","Indian Institute of Information Technology, Design and Manufacturing Jabalpur","","India","10/9/8/7/6","4.0/3.7/3.3/3.0/2.3","A+ = 10; A = 9; B+ = 8; B = 7; C+ = 6; C = 5"
"146","","Indian Institute of Science","","India","8/7/6/5/4","4.0/3.7/3.3/3.0/2.0","S = 8; A = 7; B = 6; C = 5; D = 4"
"415","","Indian Institute of Science Education and Research","","India","10/8/6","4.0/3.0/2.0","O = 10; B = 8; C = 6"
"147","","Indian Institute of Space Science and Technology","","India","10/9/8/7","4.0/3.7/3.0/2.0","S = 10; A = 9; B = 8; C = 7"
"151","","Indian Institute of Technology","","India","10/9.75/9.5/9.25/9/8.75/8.5/8.25/8/7.75/7.5/7.25/7/6.75/6.5/6.25/6/5.75/5.5/5.25/5","4.0/3.93/3.87/3.81/3.74/3.67/3.6/3.52/3.45/3.38/3.3/3.23/3.15/3.08/3.0/2.83/2.66/2.5/2.33/2.17/2.0","scale provided by Graduate Division"
"148","","Indian Institute of Technology (Banaras Hindu University)","","India","10/9.75/9.5/9.25/9/8.75/8.5/8.25/8/7.75/7.5/7.25/7/6.75/6.5/6.25/6/5.75/5.5/5.25/5","4.0/3.93/3.87/3.81/3.74/3.67/3.6/3.52/3.45/3.38/3.3/3.23/3.15/3.08/3.0/2.83/2.66/2.5/2.33/2.17/2.0","scale provided by Graduate Division"
"149","","Indian Institute of Technology Delhi","","India","10/9.75/9.5/9.25/9/8.75/8.5/8.25/8/7.75/7.5/7.25/7/6.75/6.5/6.25/6/5.75/5.5/5.25/5","4.0/3.93/3.87/3.81/3.74/3.67/3.6/3.52/3.45/3.38/3.3/3.23/3.15/3.08/3.0/2.83/2.66/2.5/2.33/2.17/2.0","scale provided by Graduate Division"
"152","","Indian Institute of Technology Hyderabad","","India","10/9.75/9.5/9.25/9/8.75/8.5/8.25/8/7.75/7.5/7.25/7/6.75/6.5/6.25/6/5.75/5.5/5.25/5","4.0/3.93/3.87/3.81/3.74/3.67/3.6/3.52/3.45/3.38/3.3/3.23/3.15/3.08/3.0/2.83/2.66/2.5/2.33/2.17/2.0","scale provided by Graduate Division"
"154","","Indian Institute of Technology Kanpur","","India","10/9.75/9.5/9.25/9/8.75/8.5/8.25/8/7.75/7.5/7.25/7/6.75/6.5/6.25/6/5.75/5.5/5.25/5","4.0/3.93/3.87/3.81/3.74/3.67/3.6/3.52/3.45/3.38/3.3/3.23/3.15/3.08/3.0/2.83/2.66/2.5/2.33/2.17/2.0","scale provided by Graduate Division"
"157","","Indian Institute of Technology Mandhi","","India","10/9.75/9.5/9.25/9/8.75/8.5/8.25/8/7.75/7.5/7.25/7/6.75/6.5/6.25/6/5.75/5.5/5.25/5","4.0/3.93/3.87/3.81/3.74/3.67/3.6/3.52/3.45/3.38/3.3/3.23/3.15/3.08/3.0/2.83/2.66/2.5/2.33/2.17/2.0","scale provided by Graduate Division"
"158","","Indian Institute of Technology Roorkee","","India","10/9.75/9.5/9.25/9/8.75/8.5/8.25/8/7.75/7.5/7.25/7/6.75/6.5/6.25/6/5.75/5.5/5.25/5","4.0/3.93/3.87/3.81/3.74/3.67/3.6/3.52/3.45/3.38/3.3/3.23/3.15/3.08/3.0/2.83/2.66/2.5/2.33/2.17/2.0","scale provided by Graduate Division"
"159","","Indian Institute of Technology Ropar","","India","10/9.75/9.5/9.25/9/8.75/8.5/8.25/8/7.75/7.5/7.25/7/6.75/6.5/6.25/6/5.75/5.5/5.25/5","4.0/3.93/3.87/3.81/3.74/3.67/3.6/3.52/3.45/3.38/3.3/3.23/3.15/3.08/3.0/2.83/2.66/2.5/2.33/2.17/2.0","scale provided by Graduate Division"
"155","7110156","Indian Institute of Technology, Kharagpur","Kharagpur","India","10/9.75/9.5/9.25/9/8.75/8.5/8.25/8/7.75/7.5/7.25/7/6.75/6.5/6.25/6/5.75/5.5/5.25/5","4.0/3.93/3.87/3.81/3.74/3.67/3.6/3.52/3.45/3.38/3.3/3.23/3.15/3.08/3.0/2.83/2.66/2.5/2.33/2.17/2.0","scale provided by Graduate Division"
"156","7114342","Indian Institute of Technology, Madras","Madras","India","10/9.75/9.5/9.25/9/8.75/8.5/8.25/8/7.75/7.5/7.25/7/6.75/6.5/6.25/6/5.75/5.5/5.25/5","4.0/3.93/3.87/3.81/3.74/3.67/3.6/3.52/3.45/3.38/3.3/3.23/3.15/3.08/3.0/2.83/2.66/2.5/2.33/2.17/2.0","scale provided by Graduate Division"
"160","","Indian School of Mines","","India","10/9/8/7/6/5","4.0/3.6/3.3/3.0/2.3/2.0","A+ = 10; A = 9; B+ = 8; B = 7; C+ = 6; C = 5"
"339","","Institute of Chemical Technology","Mumbai","India","10/9/8/7/6.5","4.0/3.6/3.0/2.5/2.0","10 = AA, 9 = AB, 8 = BB, 7 = BC, 6.5 = CC"
"161","","ITM University/The Northcap University","Gurgaon","India","","","Use the Letter Grade Worksheet"
"162","7114975","Jadavpur University","Calcutta, West Bengal","India","","","Use the Letter Grade Worksheet"
"421","","Jain University","","India","10/7.5/7/6.5/6/5.5","4.0/3.6/3.3/3.0/2.3/2.0","Distinction = 7.5+; First = 6.5-7.54; Second = 5.5-6.4
"
"163","7128772","Jawaharlal Nehru Engineering College","Hyderabad","India","100/66/60/50","4.0/3.6/3.0/2.0","Distinction = 66+; First Class = 60-65.99; Second Class = 50-59.99"
"164","","Jaypee Institute of Information Technology","","India","10/9/8/7/6/5","4.0/3.6/3.3/3.0/2.3/2.0","A+ = 10; A = 9; B+ = 8; B = 7; C+ = 6; C = 5"
"459","","JSS Science and Technology University","","India","10/7.75/6.75/5","4.0/3.6/3.0/2.0","First Class with Distinction = 7.75+; First Class = 6.75-7.74; Second Class = 5.00-6.74
Or use the Letter Grade Worksheet; S = A+ ; E = F"
"410","","Kalinga Institute of Industrial Technology","","India","10/9/8/7/6/5","4.0/3.7/3.3/3.0/2.0/1.0","10 = O, 9 = E, 8 = A, 7 = B, 6 = C, 5 = D"
"165","","Karunya University","","India","10/8/7/6","4.0/3.6/3.0/2.0","O = 10 ; S = 9; A = 8; B = 7; C = 6"
"166","","KC College of Engineering and Management Studies and Research","","India","100/70/60/50","4.0/3.6/3.0/2.0","Distinction = 70+ ; First Class = 60+ ; 2nd Class = 50-60; Pass = 40-50"
"168","","KJ Somaiya College of Engineering","","India","10/9/8/7/6/5","4.0/3.7/3.3/3.0/2.3/2.0","Outstanding = 10; Excellent = 9; Very Good = 8; Good = 7; Fair = 6; Average = 5"
"169","","KJ Somaiya Institute of Engineering and Information Technology","","India","100/60/50/40","4.0/3.6/3.0/2.0","First Class = 60+ ; Second Class = 50-60; Pass = 40-50"
"167","","KK Wagh Institute of Engineering Education and Research","","India","100/66/60/55/50","4/3.6/3.0/2.7/2.0","Distinction = 66+; First Class = 60-65.99; Higher Second Class = 55-59.99; Second Class = 50-54.99"
"170","","KL University","","India","","","Use the Letter Grade Worksheet; X = A+"
"171","","Kumaraguru College of Technology","","India","10/9/8/7","4.0/3.6/3.0/2.0","S = 10; A = 9; B = 8; C = 7"
"172","","LNM Institute of Information and Technology, Jaipur","","India","","","Use the Letter Grade Worksheet"
"333","","Lovely Professional University","Punjab","India","10/9/8/7/6","4.0/3.7/3.0/2.7/2.0",""
"174","","Maharashtra State Board of Technical Education","","India","100/75/60/45","4.0/3.6/3.0/2.0","Distinction = 75+ ; First Class = 60-76; Second Class = 45-60"
"173","","Mahatma Gandhi University","","India","","","Use the Letter Grade Worksheet; S = A+ ; E = F"
"175","","Malviya National Institute of Technology, Jaipur","","India","10/9/8/7/6","4.0/3.7/3.0/2.7/2.0","10 = AA, 9 = AB, 8 = BB, 7 = BC, 6 = CC"
"176","7110279","Manipal Institute of Technology","Manipal","India","10/9/8/7","4.0/3.6/3.0/2.0","A+ = 10; A = 9; B = 8; C = 7"
"338","7216872","Manipal University","Manipal","India","10/9/8/7","4.0/3.6/3.0/2.0","A+ = 10, A = 9, B = 8, C = 7, D = 6"
"177","","Maulana Abul Kalam Azad University of Technology, West Bengal","","India","10/8/7/6","4.0/3.6/3.0/2.0","Outstanding = 10; Excellent = 9; A = 8; B = 7; C = 6"
"178","","Maulana Azad National Institute of Technology","","India","10/8/7/6/5","4.0/3.6/3.3/3.0/2.0","A+ = 9-10; A = 8-8.99; B+ = 7-7.99; B = 6-6.99; C = 5-5.99"
"433","","Motilal Nehru National Institute of Technology ","","India","10/9/8/7/6","4.0/3.7/3.3/3.0/2.0","10 = A+, 9 = A, 8 = B+, 7 = B, 6 = C"
"187","7219245","National Institute of Technology","Tiruchirappalli","India","10/8.5/6.5","4.0/3.6/3.0","Distinction = 8.5+; First Class = 6.5-8.5; Second Class = below 6.5"
"180","","National Institute of Technology Calicut","","India","10/8/6.5/5","4.0/3.6/3.0/2.0","Distinction = 8+; First Class = 6.5-8; Second Class = 5-6.5"
"181","","National Institute of Technology Durgapur","","India","10/9/8/7","4.0/3.6/3.0/2.0","Ex = 10; A = 9; B = 8; C = 7; D = 6"
"182","","National Institute of Technology Goa","","India","10/9/8/7/6","4.0/3.7/3.0/2.7/2.0","A = 10; A- = 9; B = 8; B- = 7; C = 6"
"183","","National Institute of Technology Hamirpur","","India","10/9/8/7/6","4.0/3.7/3.0/2.7/2.0","A = 10; A- = 9; B = 8; B- = 7; C = 6"
"184","","National Institute of Technology Karnataka, Surathkal","","India","10/6.5/5.5","4.0/3.0/2.0","6.5 or above = First Class; 5.5 to 6.4 = Second Class"
"434","","National Institute of Technology Raipur","Raipur","India","10/9/8/7/6/5","4.0/3.6/3.3/3.0/2.7/2.0","10 = A+, 9 = A, 8 = B+, 7 = B, 6 = C+, 5 = C"
"185","","National Institute of Technology Rourkela","","India","10/9/8/7","4.0/3.6/3.0/2.0","A+ = 10; A = 9; B = 8; C = 7"
"186","","National Institute of Technology Silchar","","India","10/9/8/7/6","4.0/3.7/3.0/2.7/2.0","AA = 10; AB = 9; BB = 8; BC = 7; CC = 6"
"188","","National Institute of Technology Warangal","","India","10/8/6.5/5","4.0/3.6/3.0/2.0","Distinction = 8+; First Class = 6.5-8; Second Class = 5-6.5"
"341","","Navrachana University","Gujarat","India","10/9/8/7/6/5/4","4.0/3.6/3.0/2.5/2.0/1.5/1.0","10 = AA, 9 = AB, 8 = BB, 7 = BC, 6 = CC, 5 = CD, 4 = DD"
"189","","Netaji Subhas Institute of Technology","","India","100/75/60/50","4.0/3.6/3.0/2.0","Distinction = 75+ ; First Class = 60-75; 2nd Class = 50-60; Pass = 40-50"
"325","7210671","Nirma Institute of Technology","Ahmedabad","India","10/9/8/7/6","4.0/3.7/3.3/3.0/2.5","A+ (Excellent) = 10, A (Creditable) = 9, B+ (Very Good) = 8, B (Good) = 7, C+ (Satisfactory) = 2.5"
"190","","Nitte Meenakshi Institute of Technology","","India","","","Use the Letter Grade Worksheet; S = A+ ; E = F"
"191","","NMIMS University","","India","","","Use the Letter Grade Worksheet"
"336","7115077","Osmania University","Hyderabad","India","100/75/60/45/40","4.0/3.6/3.0/2.0/1.0",""
"192","","Padmabhushan Vasantdada Patil Pratishthan's College of Engineering","","India","100/70/60/50","4.0/3.6/3.0/2.0","Distinction = 70+ ; First Class = 60+ ; 2nd Class = 50-60; Pass = 40-50"
"382","","Pandit Deendayal Petroleum University","","India","10/9/8/7/6/5","4.0/3.9/3.6/3.3/3.0/2.0","O = 10, A+ = 9, A = 8, B+ = 7, B = 6, C = 5"
"193","7113627","Panjab University","Chandigarh","India","10/9/8/7/6/5","4.0/3.6/3.3/3.0/2.3/2.0","A+ = 10; A = 9; B+ = 8; B = 7; C+ = 6; C = 5"
"194","","PEC University of Technology, Chandigarh","","India","","","Use the Letter Grade Worksheet; Do not count S in GPA"
"195","","PES Institute of Technology","","India","10/9/8/7","4.0/3.6/3.0/2.0","S = 10; A = 9; B = 8; C = 7"
"388","","PES University","","India","10/9.5/7.75/6.75/5.75","4.0/3.9/3.6/3.0/2.0","First Class with Honors = 9.5, First Class with Distinction = 7.75, First Class = 6.75, Second Class = 5.75"
"196","","Pondicherry University","","India","","","Use the Letter Grade Worksheet; S = A+ ; E = F"
"197","","PSG College of Technology","","India","10/9/8/7","4.0/3.6/3.0/2.0","S = 10; A = 9; B = 8; C = 7"
"198","","Pune Institute of Computer Technology","","India","100/66/60/55/50","4.0/3.6/3.3/3.0/2.0","Distinction = 66+ ; First Class = 60-65; Higher 2nd Class = 55-59; 2nd Class = 50-54; Pass = 40-49"
"342","","Rajiv Gandhi Institute of Technology","Mumbai","India","10/9/8/7/6","4.0/3.6/3.0/2.0/1.0","10 = O, 9 = A, 8 = B, 7 = C, 6 = D"
"199","","Rajiv Gandhi Proudyogiki Vishwavidyalaya","","India","10/7.5/6.5/5.0","4.0/3.6/3.0/2.0","or use the Letter Grade Worksheet"
"362","","Rajiv Gandhi Proudyogiki Vishwavidyalaya - 100-point scale","","India","100/75/65/45","4.0/3.6/3.0/2.0","75% or above = Distinction, 65% or above = First Class, 45% or above = Second Class"
"361","","Rajiv Gandhi Proudyogiki Vishwavidyalaya - 100-point scale","","India","100/75/65/45","4.0/3.6/3.0/2.0","75% or above = Distinction, 65% or above = First Class, 45% or above = Second Class"
"179","","Ramaiah Institute of Technology","","India","10/9/8/7/5","4.0/3.6/3.0/2.0/1.0","S = 10; A = 9; B = 8; C = 7"
"403","","Ramnarian Ruia College","","India","7/6/5/4","4.0/3.6/3.0/2.0","7=O, 6=A, 5=B, 4=C"
"200","","Rizvi College of Engineering","","India","100/70/60/50","4.0/3.6/3.0/2.0","Distinction = 70+ ; First Class = 60+ ; 2nd Class = 50-60; Pass = 40-50"
"201","","RKN Engg College","","India","100/75/60/50","4.0/3.6/3.0/2.0","Distinction = 75+ ; First Class = 60-75; 2nd Class = 50-60"
"202","","RV College of Engineering, Bengaluru","","India","10/9/8/7","4.0/3.7/3.0/2.0","S = 10; A = 9; B = 8; C = 7"
"203","","Sardar Patel College of Engineering","","India","10/9/8/7","4.0/3.6/3.0/2.0","O = 10, A = 9, B = 8, C = 7 OR Use the Letter Grade Worksheet (S = A+ and E = F)"
"204","","Sardar Patel Institute of Technology - 10-point scale","Vallabh Vidyaagar","India","10/9/8/7","4.0/3.6/3.0/2.0","O = 10 or 80+% ; A = 9 or 75-79.99%; B = 8 or 70-74.99%; C = 7 or 60.00-69.99%"
"363","","Sardar Patel Institute of Technology - Percentage Scale","Vallabh Vidyaagar","India","100/70/60/50","4.0/3.6/3.0/2.0","Above 70% = First Class with Distinction, 60-70% = First Class, 50-60% = Second Class"
"205","","Sardar Vallabhbhai National Institute of Technology","Gujarat","India","10/9/8/7/6","4.0/3.6/3.0/2.6/2.0","10 = AA; 9 = AB; 8 = BB; 7 = BC; 6 = CC"
"206","","Sastra University","","India","10/8/7/6","4.0/3.6/3.0/2.0","S = 10; A = 9; B = 8; C = 7"
"365","","Sathyabama University","","India","10/9/8/7/6","4.0/3.7/3.3/3.0/2.0","10 = A++, 9 = A+, 8 = B++, 7 = B+, 6 = C"
"207","7221337","Savitribai Phule Pune University (formerly University of Pune)","Pune","India","100/66/60/55/50","4.0/3.6/3.0/2.7/2.0","Distinction = 66+ ; First Class = 60+ ; Higher 2nd Class = 55-60; 2nd Class = 50-55"
"208","","SDM College of Engineering and Technology","","India","","","Use the Letter Grade Worksheet; S = A+ ; E = F"
"209","","Shiv Nadar University","","India","10/8.5/7.5/6.5/5.5","4.0/3.7/3.0/2.7/2.0","Use the Letter Grade Worksheet; Ignore asterisks and just put the grade"
"210","","Shivajirao S Jondhale College of Engineering","","India","10/9/8/7","4.0/3.6/3.0/2.0","O = 10; A = 9; B = 8; C = 7"
"211","","Shri Guru Gobind Singhji Institute of Engineering and Technology","","India","10/9/8/7/6/5/4","4.0/3.7/3.3/3.0/2.3/2.0/1.0","A+ = 10; A = 9; B+ = 8; B = 7; C+ = 6; C = 5"
"212","","Shri Ramdeobaba College of Engineering and Management","","India","10/9/8/7/6","4.0/3.6/3.0/2.7/2.0","AA = 10; AB = 9; BB = 8; BC = 7; CC = 6"
"213","","Siddaganga Institute of Technology","","India","","","Use the Letter Grade Worksheet; S = A+ ; E = F"
"214","","SIES Graduate School of Technology","","India","10/9/8/7","4.0/3.7/3.0/2.0","O = 10; A = 9; B = 8; C = 7"
"215","","Sikkim Manipal University","","India","","","Use the Letter Grade Worksheet; S = A+ ; E = F"
"216","","Siksha O Anusandhan University","","India","","","Use the Letter Grade Worksheet; E = A+"
"217","","Sinhgad Institute of Technology","","India","100/60/55/50/40","4.0/3.6/3.3/3.0/2.0","Distinction = 66+ ; First Class = 60-65; Higher 2nd Class = 55-59; 2nd Class = 50-54; Pass = 40-49"
"218","","Sri Chandrasekharendra Saraswathi Viswa Mahavidyalaya","","India","","","Use the Letter Grade Worksheet; S = A+ ; E = F"
"219","","Sri Jayachamarajendra College of Engineering","","India","10/7.75/6.75/5","4.0/3.6/3.0/2.0","First Class with Distinction = 7.75+; First Class = 6.75-7.74; Second Class = 5.00-6.74
Or use the Letter Grade Worksheet; S = A+ ; E = F"
"399","","SRM Institute of Science and Technology","","India","10/9/8/7/6/5","4.0/3.9/3.6/3.3/3.0/2.0","10 = O, 9 = A+, 8 = A, 7 = B+, 6 = B, 5 = C"
"220","","SRM University","","India","10/9/8.5/8/7.5/7/6.5","4.0/3.7/3.3/3.0/2.7/2.3/2.0","A+ = 10; A = 9.5; A- = 9.0; B+ = 8.5; B = 8.0; B- = 7.5; C+ = 7.0; C = 6.5"
"221","","St Francis Institute of Technology","","India","100/60/50/40","4.0/3.6/3.0/2.0","First Class = 60+ ; Second Class = 50-60; Pass = 40-50"
"412","","Symbiosis International University","Pune","India","10/9/8/7/6/5","4.0/3.9/3.6/3.3/3.0/2.0","10 = O, 9 = A+, 8 = A, 7 = B+, 6 = B, 5 = C"
"222","","Thadomal Shahani Engineering College","","India","10/9/8/7/6/5","4.0/3.7/3.3/3.0/2.3/2.0","Outstanding = 10; Excellent = 9; Very Good = 8; Good = 7; Fair = 6; Average = 5"
"223","","Thakur College of Engineering and Technology","","India","100/70/60/50","4.0/3.6/3.0/2.0","Distinction = 70+ ; First Class = 60+ ; 2nd Class = 50-60; Pass = 40-50"
"443","","Thapar Institute of Engineering and Technology","","India","10/8/6","4.0/3.0/2.0","10 = A+ / Outstanding and A / Excellent, 8 = B / Good, 6 = C / Average"
"224","","Thapur University","","India","","","Use the Letter Grade Worksheet; E = F"
"334","","The NorthCap University","","India","","",""
"225","7115374","University of Delhi","New Delhi","India","100/75/60/50","4.0/3.6/3.0/2.0","Distinction = 75+ ; First Class = 60-75; 2nd Class = 50-60; Pass = 40-50"
"226","7119447","University of Kerala, Thiruvananthapuram","","India","10/9/8.5/8/7.5/7/6.5","4.0/3.7/3.5/3.3/3.0/2.7/2.0","10 = S, 9 = A+, 8.5 = A, 8 = B+, 7.5 = B, 7 = C+, 6.5 = C"
"227","7217684","University of Mumbai","Mumbai","India","10/9/8/7","4.0/3.6/3.0/2.0","O = 10 or 80+% ; A = 9 or 75-79.99%; B = 8 or 70-74.99%; C = 7 or 60.00-69.99%"
"383","","University Of Mumbai - Percentage Scale","","India","100/70/60/50","4.0/3.6/3.0/2.0",""
"228","","Uttar Pradesh Technical University","","India","100/60/50","4.0/3.6/3.0","Honors = 75+ ; First Division = 60+ ; 2nd Division = 50+"
"343","","Vasavi College of Engineering","Hyderabad","India","10/9/8/7/6/5","4.0/3.6/3.3/3.0/2.0/1.0","10 = A+, 9 = A, 8 = B+, 7 = B, 6 = C, 5 = D"
"229","7117223","Veermata Jijabai Technological Institute/Victoria Jubilee Technical Institute","Mumbai","India","10/9/8/7/6","4.0/3.6/3.0/2.5/2.0","Course scale is: AA = 10; AB = 9; BB = 8; BC = 7; CC = 6"
"231","","Vidyalankar Institute of Technology","","India","10/9/8/7","4.0/3.6/3.0/2.0","O = 10 or 80+% ; A = 9 or 75-79.99%; B = 8 or 70-74.99%; C = 7 or 60.00-69.99%"
"232","","Vishwakarma Institute of Technology","","India","10/9/8/7/6","4.0/3.6/3.0/2.7/2.0","AA = 10; AB = 9; BB = 8; BC = 7; CC = 6"
"426","","Visvesvaraya National Institute of Technology","Nagpur","India","10/9/8/7/6","4.0/3.7/3.0/2.7/2.0","10 = AA, 9 = AB, 8 = BB, 7 = BC, 6 = CC"
"233","","Visvesvaraya National Institute of Technology","","India","","","Use the Letter Grade Worksheet; AB = A- ; BC = B- ; CD = C-"
"323","7211770","Visvesvaraya Technological University - 100-point scale","Belgaum","India","100/70/60","4.0/3.6/3.0","First Class with Distinction = 70% and above; First Class = 60 to 69%; Second Class = below 60%"
"401","","Visvesvaraya Technological University 10-point","","India","10/9/8/7/6","4.0/3.9/3.6/3.0/2.0","10 = S+, 9 = S, 8 = A, 7 = B, 6 = C"
"230","","VIT (Vellore Institute of Technology)","","India","10/9/8/7/6","4.0/3.6/3.0/2.0/1.0","S = 10; A = 9; B = 8; C = 7"
"347","","Viva Institute of Technology","","India","10/9/8/7/6/5","4.0/3.7/3.0/2.0/1.0/0",""
"235","","Vivekanand Education Society's Institute of Technology","","India","10/9/8/7","4.0/3.6/3.0/2.0","O = 10; A = 9; B = 8; C = 7"
"447","","VNR Vignana Jyothi Institute of Engineering & Technology","","India","10/7.5/6.5/5.5","4.0/3.6/3.0/2.0","7.5+=First Class with Distinction; 6.5-7.5=First Class, 5.5-6.5=Second Class"
"354","","VR Siddhartha Engineering College","Kakinada","India","10/9/8/7/6/5","4.0/3.9/3.6/3.3/3.0/2.0","10=Ex, 9=A+, 8=A, 7=B+, 6=3.0, 5=2.0"
"236","","Walchand College of Engineering, Sangli","","India","","","Use the Letter Grade Worksheet; AB = A- ; BC = B- ; CD = C-"
"237","","Watumull Institute of Electronics Engineering","","India","","","Use the Letter Grade Worksheet; O = A+ ; E = F"
"238","7217619","Amirkabir University of Technology","Tehran","Iran","20/17/14/12/10","4.0/3.6/3.0/2.0/1.0","This is the DEFAULT Iran 20 Point Scale"
"242","","DEFAULT Iran - 100 Point Scale","","Iran","100/90/89/80/70","4.0/3.6/3.5/3.0/2.0","A = 90-100; B = 80-89; C = 70-79"
"241","","DEFAULT Iran - 20 Point Scale","","Iran","20/17/14/12/10","4.0/3.6/3.0/2.0/1.0","A = 17-20; B = 14-16; C = 12-13; D = 10-11"
"324","7110204","Iran Univesity of Science and Technology","Tehran","Iran","20/17/14/12/10","4.0/3.6/3.0/2.0/1.0","A = 17-20; B = 14-16; C = 12-13; D = 10-11"
"321","7211622","Islamic Azad University","Tehran","Iran","20/17/14/12/10","4.0/3.6/3.0/2.0/1.0","A = 17-20; B = 14-16; C = 12-13; D = 10-11"
"455","","Payame Noor University","","Iran","20/17/14/12/10","4.0/3.6/3.0/2.0/1.0","A = 17-20; B = 14-16; C = 12-13; D = 10-11"
"456","","Research Institute for Earth Science, Geological Survey of Iran","","Iran","20/17/14/12/10","4.0/3.6/3.0/2.0/1.0","A = 17-20; B = 14-16; C = 12-13; D = 10-11"
"454","","Shahid Beheshti University","","Iran","20/17/14/12/10","4.0/3.6/3.0/2.0/1.0","A = 17-20; B = 14-16; C = 12-13; D = 10-11"
"239","7110392","Sharif University of Technology","Tehran","Iran","20/17/14/12/10","4.0/3.6/3.0/2.0/1.0","This is the DEFAULT Iran 20 Point Scale"
"240","7110039","University of Tehran","Tehran","Iran","20/17/14/12/10","4.0/3.6/3.0/2.0/1.0","This is the DEFAULT Iran 20 Point Scale"
"243","9804201","DEFAULT Iraq - 100 Point Scale","","Iraq","100/90/80/70","4.0/3.6/3.0/2.0",""
"244","9804301","DEFAULT Italy","","Italy","30/28/27/25/24/20","4.0/3.6/3.5/3.0/2.9/2.0",""
"446","","DEFAULT Japan","","Japan","100/80/70/60","4.0/3.6/3.0/2.0","A=10090, B=7970, C=69-60"
"451","","Ehime University","","Japan","100/90/80/70/60","4.0/3.7/3.3/3.0/2.0","90-100 = Outstanding; 80-89 = Excellent; 70-79 =  Good; 60-69 = Satisfactory"
"352","7117695","Osaka University","Osaka","Japan","100/80/70/60","4.0/3.6/3.0/2.0","S=10090, A=8980, B=7970, C=69-60"
"468","","University of Toyko","","Japan","100/80/70/60","4.0/3.6/3.0/2.0","A=10080, B=7970, C=69-60"
"245","9804501","DEFAULT Jordan","","Jordan","100/85/76/68/60","4.0/3.6/3.0/2.0/1.0",""
"247","","Jordan University of Science and Technology - Grad","","Jordan","100/88/80/75/70","4.0/3.6/3.0/2.0/1.0","Excellent = 88-100; Very Good = 80-88; Good = 75-80; Pass = 70-75"
"246","7213377","Jordan University of Science and Technology - Undergrad","Irbid","Jordan","100/90/80/70","4.0/3.6/3.0/2.0","Excellent = 90-100; Very Good = 80-89; Good = 70-79; Fair = 60-69"
"248","","The Hashemite University","","Jordan","4.0/3.7/3.3/3.0/2.7/2.3/2.0","4.0/3.7/3.3/3.0/2.7/2.3/2.0","Check to see if scale matches US 4.0 scale. If so, it is OK to use that school's 4.0 CGPA"
"480","","DEFAULT Kazakhstan","","Kazakhstan","5/4/3","4.0/3.0/2.0","5 = A, 4 = B, 3 = C"
"249","","Nazarbayev University","","Kazakhstan","4.0/3.7/3.3/3.0/2.7/2.3/2.0","4.0/3.7/3.3/3.0/2.7/2.3/2.0","Check to see if scale matches US 4.0 scale. If so, it is OK to use that school's 4.0 CGPA"
"349","","Jomo Kenyatta University of Agriculture and Technology","","Kenya","100/70/60/50/40","4.0/3.6/3.0/2.0/1.0","70-100% = A (Excellent), 60-69% = B (Good), 50-59% = C (Satisfactory), 40-49% = D (Pass)"
"350","","Moi University","","Kenya","100/70/60/50/40","4.0/3.6/3.0/2.0/1.0","70-100% = A (Excellent), 60-69% = B (Good), 50-59% = C (Satisfactory), 40-49% = D (Pass)"
"250","","Chung-Ang University","Seoul","Korea","4.5/4.0/3.5/3.0/2.5/2.0","4.0/3.7/3.3/3.0/2.3/2.0","A+ = 4.5; A = 4.0; B+ = 3.5; B = 3.0; C+ = 2.5; C = 2.0"
"251","","DEFAULT Korea - 100 Point Scale","","Korea","100/90/80/70","4.0/3.6/3.0/2.0",""
"253","","DEFAULT Korea - 4.3 Point Scale","","Korea","4.3/4.0/3.0/2.0","4.0/3.7/3.0/2.0",""
"252","","DEFAULT Korea - 4.5 Point Scale","","Korea","4.5/4.0/3.0/2.0","4.0/3.6/3.0/2.0",""
"471","","Hanyang University","","Korea","4.5/4.0/3.5/3.0/2.0","4.0/3.9/3.5/3.0/2.0","4.5=A, 4=A, 3.5=B+, 3=B, 2=C"
"254","7124836","Inha University","Inchon","Korea","4.5/4.0/3.5/3.0/2.5/2.0","4.0/3.7/3.3/3.0/2.3/2.0","A+ = 4.5; A = 4.0; B+ = 3.5; B = 3.0; C+ = 2.5; C = 2.0"
"255","7123551","Kookmin University","Seoul","Korea","4.5/4.0/3.5/3.0/2.5/2","4.0/3.7/3.3/3.0/2.3/2.0",""
"470","","Korea Advanced Institute of Science and Technology","","Korea","4.3/4.0/3.7/3.3/3.0/2.0","4.0/3.9/3.7/3.3/3.0/2.0","Or you can take the GPA as-is"
"256","7110183","Korea University","Seoul","Korea","4.5/4.0/3.5/3.0/2.5/2.0","4.0/3.7/3.3/3.0/2.3/2.0","A+ = 4.5; A = 4.0; B+ = 3.5; B = 3.0; C+ = 2.5; C = 2.0"
"257","7215447","Kwangwoon University","Seoul","Korea","4.5/4.0/3.5/3.0/2.5/2.0","4.0/3.7/3.3/3.0/2.3/2.0","A+ = 4.5; A = 4.0; B+ = 3.5; B = 3.0; C+ = 2.5; C = 2.0"
"258","","Macau University of Science and Technology","","Korea","4.0/3.7/3.3/3.0/2.7/2.3/2.0","4.0/3.7/3.3/3.0/2.7/2.3/2.0","Check to see if scale matches US 4.0 scale. If so, it is OK to use that school's 4.0 CGPA"
"259","","Republic of Korea Naval Academy","","Korea","4.3/4.0/3.0/2.0","4.0/3.7/3.0/2.0","A+ = 4.3; A = 4.0; A- = 3.7; B+ = 3.3; B = 3.0; B- = 2.7; C+ = 2.3; C = 2.0"
"260","7114337","Seoul National University","Seoul","Korea","4.3/4.0/3.0/2.0","4.0/3.7/3.0/2.0","A+ = 4.3; A = 4.0; A- = 3.7; B+ = 3.3; B = 3.0; B- = 2.7; C+ = 2.3; C = 2.0"
"261","7114210","Sungkyunkwan University","Seoul","Korea","4.5/4.0/3.5/3.0/2.5/2.0","4.0/3.7/3.3/3.0/2.3/2.0","A+ = 4.5; A = 4.0; B+ = 3.5; B = 3.0; C+ = 2.5; C = 2.0"
"262","7120001","Yonsei University","Seoul","Korea","4.3/4.0/3.0/2.0","4.0/3.7/3.0/2.0","A+ = 4.3; A = 4.0; A- = 3.7; B+ = 3.3; B = 3.0; B- = 2.7; C+ = 2.3; C = 2.0"
"263","7110318","Kuwait University","Khaldieh","Kuwait","4.0/3.7/3.3/3.0/2.7/2.3/2.0","4.0/3.7/3.3/3.0/2.7/2.3/2.0","Check to see if scale matches US 4.0 scale. If so, it is OK to use that school's 4.0 CGPA"
"264","7120008","American University of Beirut","Beirut","Lebanon","4.0/3.7/3.3/3.0/2.7/2.3/2.0","4.0/3.7/3.3/3.0/2.7/2.3/2.0","Check to see if scale matches US 4.0 scale. If so, it is OK to use that school's 4.0 CGPA"
"442","","DEFAULT Lebanon - 100-point scale","","Lebanon","100/90/80/70","4.0/3.6/3.0/2.0","A = 90-100 , B = 8-0-89, C = 70-79"
"400","","DEFAULT Lebanon - 20-point scale","","Lebanon","20/16/14/12/10","4.0/3.6/3.3/3.0/2.0","A+= 16-20, A=14-15.9, B=12=13, C=10-11.9"
"326","","International Islamic University","","Malaysia","100/75/70/65/60/55/50/45/40/35","4.0/3.67/3.33/3.0/2.67/2.33/2.0/1.67/1.33/1.0","80-100=1.0, 75-79=3.67, 70-74=3.33, 65-69=3.0, 60-64=2.67, 55-59=2.33, 50-54=2.0"
"344","","Centro De Ensenanza Tecnica Y Superior","","Mexico","100/90/80/70/60","4.0/3.6/3.0/2.5/2.0","Mexico Default scale"
"355","","DEFAULT Mexico","","Mexico","100/90/80/70/60","4.0/3.6/3.0/2.7/2.0","100=A+, 90=A, 80=B, 70=C+, 60=C"
"407","","DEFAULT Mexico - 10-piont scale","","Mexico","10/9/8/7.5/7","4.0/3.6/3.0/2.7/2.0","10=A+, 9=A, 8=B, 7.5=B-, 7=C"
"404","","DEFAULT Morocco","","Morocco","20/18/16/14/12/10","4.0/3.7/3.3/3.0/2.0/1.7","18-20=A+, 16-17=A, 14-15=B, 12-13=C, 10-11=C-"
"409","","Tribhuvan University, Institute of Engineering","Kathmandu, Central","Nepal","100/80/65/50","4.0/3.6/3.0/2.0","First Class with Distinction = 80-100; First Class = 65-79; Second Class = 45-64"
"265","9805201","DEFAULT Netherlands","","Netherlands","10/8/7/6/5","4/3.7/3.0/2.0/1.0","A+ = 10; A = 9; A- = 8; B = 7; C = 6; D = 5"
"452","","Delft University of Technology","","Netherlands","10/9.5/8.5/7.5/6.5/6","4.0/3.9/3.7/3.3/3.0/2.0","9.5-10 = Excellent; 8.5-9.0 = Very Good; 7.5-8.0 = Good; 6.5-7.0 = Highly Satisfactory; 6.0 = Satisfactory"
"266","7116157","University of Lagos","Lagos","Nigeria","5/4/3/2","4/3/2/1","A = 5.0; B = 4.0; C = 3.0; D = 2.0"
"267","9805501","DEFAULT Pakistan","","Pakistan","100/75/60/40","4.0/3.6/3.0/2.0",""
"268","","DEFAULT Pakistan - Other Traditional Patterns (B.Engr, B.Sc)","","Pakistan","100/60/50","4.0/3.0/2.0",""
"269","7215347","Lahore University of Management Sciences","Lahore","Pakistan","4.0/3.7/3.3/3.0/2.7/2.3/2.0","4.0/3.7/3.3/3.0/2.7/2.3/2.0","Check to see if scale matches US 4.0 scale. If so, it is OK to use that school's 4.0 CGPA"
"270","","National University of Sciences and Technology","","Pakistan","4.0/3.7/3.3/3.0/2.7/2.3/2.0","4.0/3.7/3.3/3.0/2.7/2.3/2.0","Check to see if scale matches US 4.0 scale. If so, it is OK to use that school's 4.0 CGPA"
"271","","University of Engineering and Technology, Lahore","","Pakistan","4.0/3.7/3.3/3.0/2.7/2.3/2.0","4.0/3.7/3.3/3.0/2.7/2.3/2.0","Check to see if scale matches US 4.0 scale. If so, it is OK to use that school's 4.0 CGPA"
"438","","DEFAULT Peru","","Peru","20/17/15/13/12","4.0/3.8/3.5/3.0/2.0","17-20=A+, 15-16=A, 13-14=B, 12=C, 11=D"
"476","","Agyinasare Leadership College","","Philippines","100/94/91/88/80/75","4.0/3.7/3.3/3.0/2.3/2.0","A = 97-100, A- = 94-96, B+ = 91-93, B = 88-90, C+ = 80-84, C = 75-79, D = Below 75"
"477","","DEFAULT Philippines","","Philippines","100/92/85/80/75","4.0/3.6/3.0/2.0/1.0","A = 92-100, B = 85-91, C = 80-84, D = 75-79"
"481","","DEFAULT Poland","","Poland","5.5/5.0/4.0/3.5/3.0/1.0","4.0/3.6/3.0/2.7/2.0/1.0",""
"425","","The Silesian University of Technology","Silesia","Poland","5/4.5/4/3.5/3/2","4.0/3.5/3.0/2.5/2.0/1.0","5 = (Very Good)/A, 4 = (Good)/B/C, 3 = (Satisfactory)D/E, 2 = (Fail)/F"
"406","","DEFAULT Portugal","","Portugal","20/19/15/13/11","4.0/3.9/3.6/3.0/2.0","19-20=A+, 15-18=A, 13-14=B, 11-12=C"
"441","","DEFAULT Russia","","Russia","5.0/4.0/3.0/2.0","4.0/3.0/2.0/1.0","5 = (Excellent)/A, 4 = (Good)/B, 3 = (Satisfactory)C, 2 = (Unsatisfactory)/F, Unit Credit Granted = Pass"
"424","","Saint Petersburg National Research University of Information Technologies, Mechanics and Optics","","Russia","5/4/3/2","4.0/3.0/2.0/1.0","5 = (Excellent)/A, 4 = (Good)/B/C, 3 = (Satisfactory)D/E, 2 = (Unsatisfactory)/F"
"272","","College of Technology at Riyadh","","Saudi Arabia","5/4.5/3.75/2.75/2","4.0/3.7/3.3/3.0/2.0",""
"273","7110067","King Abdulaziz University","Jeddah","Saudi Arabia","5.0/4.5/4.0/3.5/3.0","4.0/3.3/3.0/2.3/2.0","A+ = 5.00; A = 4.75; B+ = 4.50; B = 4.00; C+ = 3.50; C = 3.00"
"274","","King Abdullah University of Science and Technology","","Saudi Arabia","","","Use the Letter Grade Worksheet"
"275","7211339","King Fahd University of Petroleum and Minerals","Dhahran","Saudi Arabia","4.0/3.7/3.3/3.0/2.7/2.3/2.0","4.0/3.7/3.3/3.0/2.7/2.3/2.0","Check to see if scale matches US 4.0 scale. If so, it is OK to use that school's 4.0 CGPA"
"276","7116420","King Saud University","Riyadh","Saudi Arabia","5.0/4.5/4.0/3.5/3.0","4.0/3.3/3.0/2.3/2.0","A+ = 5.00; A = 4.75; B+ = 4.50; B = 4.00; C+ = 3.50; C = 3.00"
"277","","Qassim University","","Saudi Arabia","5.0/4.5/4.0/3.5/3.0","4.0/3.3/3.0/2.3/2.0","A+ = 5.00; A = 4.75; B+ = 4.50; B = 4.00; C+ = 3.50; C = 3.00"
"405","","Taibah University","","Saudi Arabia","5/4.75/4.5/4/3.5/3","4.0/3.7/3.3/3.0/2.7/2.0","5=A+, 4.75=A, 4.5=B+, 4=B, 3.5=C+ 3=C"
"375","","DEFAULT Scotland","","Scotland","100/70/60/50","4.0/3.6/3.0/2.0","A = 70-100; B = 60-69; C = 50-59"
"329","7110491","The University of Edinburgh","Edinburgh","Scotland","100/70/60/50/0","4.0/3.6/3.0/2.0/1.0","Or First Class=3.6 /Second Class, Upper Division=3.0 /Second Class, Lower Division=2.0 /Third Class=1.0"
"418","","University of Glasgow","","Scotland","22/19/17/16/14","4.0/3.7/3.3/3.0/2.3","A1-A5 = Excellent, B1-B3 = Very Good, C1-C3 = Good"
"278","9806171","DEFAULT Singapore","","Singapore","100/90/80/70/60/50","4.0/3.6/3.3/3.0/2.0/1.0",""
"279","","DEFAULT Singapore - 5.0 Point Scale","","Singapore","5.0/4.5/4.0/3.5/3.0/2.5/1.5/1.0","4.0/3.7/3.3/3.0/2.7/2.0/1.3/1.0",""
"280","7115221","National University of Singapore","Singapore","Singapore","5/4.5/4/3.5/3/2.5/2.0","4.0/3.7/3.3/3.0/2.7/2.3/2.0","A+/A = 5.00; A- = 4.50; B+ = 4.00; B = 3.50; B- = 3.00; C+ = 2.50; C = 2.00"
"281","9806201","DEFAULT Spain","","Spain","10/9/7/6/5","4.0/3.7/3.3/3.0/2.0","A = 9-10; B+ = 7-8.99; B = 6-6.99; C = 5-5.99"
"282","","Pompeu Fabra University","","Spain","10/9/7/5","4.0/3.6/3.0/2.0","A = 9-10; B = 7-8.9; C = 5-6.9"
"432","","Universitat Politecnica de Catalunya","","Spain","10/9/7.4/6.5/6.1","4.0/3.9/3.7/3.3/3.0","Per approval from Graduate Division: 10 = 4.0, 9 = 3.9, 7.4 = 3.7, 6.5 = 3.3, 6.1 = 3.0"
"408","","DEFAULT Syria","","Syria","100/90/80/70/60","4.0/3.9/3.6/3.0/2.0","90-100=A+, 80-89=A, 70-79=B, 60-69=C"
"283","7218407","Chang Gung University","Tao-yuan","Taiwan","4.0/3.7/3.3/3.0/2.7/2.3/2.0","4.0/3.7/3.3/3.0/2.7/2.3/2.0","Check to see if scale matches US 4.0 scale. If so, it is OK to use that school's 4.0 CGPA"
"457","","Chang Jung Christian University","","Taiwan","100/80/70/60","4.0/3.6/3.0/2.0","80-100 = A/Excellent; 70-79 = B/Good; 60-69 = C/Fair"
"359","7213761","Chinese Culture University","Taipei","Taiwan","100/80/70/60","4.0/3.6/3.0/2.0","A=4(80-100), B=3(70-79), C=2(60-69)"
"284","","Chung Cheng Institute of Technology","","Taiwan","100/80/70/60","4.0/3.6/3.0/2.0","A = 80+ ; B = 70-79; C = 60-69"
"285","7215405","Chung Yuan Christian University","Chung-li","Taiwan","4.0/3.7/3.3/3.0/2.7/2.3/2.0","4.0/3.7/3.3/3.0/2.7/2.3/2.0","Check to see if scale matches US 4.0 scale. If so, it is OK to use that school's 4.0 CGPA"
"286","9802751","DEFAULT Taiwan","","Taiwan","100/85/84/75/65","4.0/3.6/3.5/3.0/2.0",""
"287","7124693","Feng Chia University","Taichung","Taiwan","4.0/3.7/3.3/3.0/2.7/2.3/2.0","4.0/3.7/3.3/3.0/2.7/2.3/2.0","Check to see if scale matches US 4.0 scale. If so, it is OK to use that school's 4.0 CGPA"
"288","7212404","Fujen Catholic University","Taiwan","Taiwan","100/80/70/60","4.0/3.6/3.0/2.0","A = 80-100; B = 70-79; C = 60-69"
"289","7232478","National Central University","Jhongli City","Taiwan","100/80/70/60","4.0/3.6/3.0/2.0","Check to see if scale matches US 4.0 scale. If so, it is OK to use that school's 4.0 CGPA"
"290","","National Changhua University of Education","","Taiwan","100/80/70/60","4.0/3.6/3.0/2.0","A = 80-100; B = 70-79; C = 60-69"
"353","","National Cheng Kung University - 100-point scale","Tainan","Taiwan","100/85/83/79/73/63","4.0/3.6/3.5/3.3/3.0/2.0","100-90=A+(4.3), 89-85=A(4.0), 84-80=A-(3.7), 79-77=B+(3.3), 76-73=B(3.0), 72-70=B-(2.7), 69-67=C+(2.3), 66-63=C(2.0)"
"291","","National Cheng Kung University - 4.0-scale","Tainan","Taiwan","4.0/3.7/3.3/3.0/2.7/2.3/2.0","4.0/3.7/3.3/3.0/2.7/2.3/2.0","Check to see if scale matches US 4.0 scale. If so, it is OK to use that school's 4.0 CGPA"
"292","7110546","National Chiao Tung University","Hsinehu","Taiwan","100/80/77/73/70/67/63","4.0/3.6/3.3/3.0/2.7/2.3/2.0","A+ = 90+ ; A = 85-89; A- = 80-84; B+ = 77-79; B = 73-76; B- = 70-72; C+ = 67-69; C = 63-66"
"378","","National Chung Cheng University","","Taiwan","100/90/80/70/60","4.0/3.6/3.3/3.0/2.0","90-100 = A+; 80-89 = A; 70-79 = B; 60-69 = C"
"293","","National Dong Hwa University","","Taiwan","4.5/4.0/3.5/3.0/2.5/2.0","4.0/3.7/3.3/3.0/2.3/2.0","4.5 Scale. If the student does NOT have A+ grades, use their CGPA. If student has A+ grades, type CGPA here."
"294","","National Sun Yat-Sen University","","Taiwan","4.3/4.0/3.0/2.0","4.0/3.7/3.0/2.0","4.3 Scale. If the student does NOT have A+ grades, use their CGPA. If student has A+ grades, type CGPA here."
"295","7114666","National Taipei University of Technology","Taipei","Taiwan","100/80/70/60","4.0/3.6/3.0/2.0","A = 80+ ; B = 70-79; C = 60-69"
"296","7110161","National Taiwan Normal University - After 2015","Taipei","Taiwan","","","If scale is A+ = 4.3; A = 4.0; A- = 3.7; B+ = 3.3; B = 3.0; B- = 2.7; C+ = 2.3; C = 2.0, then can take CGPA as-is"
"297","","National Taiwan Normal University - Before 2015","","Taiwan","100/80/70/60","4.0/3.6/3.0/2.0","A = 80-100; B = 70-79; C = 60-69"
"298","7113772","National Taiwan University","Taipei","Taiwan","4.3/4.0/3.0/2.0","4.0/3.7/3.0/2.0","If the student does NOT have A+ grades, use their CGPA. If student has A+ grades, type CGPA here."
"299","","National Taiwan University of Science and Technology","","Taiwan","4.0/3.7/3.3/3.0/2.7/2.3/2.0","4.0/3.7/3.3/3.0/2.7/2.3/2.0","Check to see if scale matches US 4.0 scale. If so, it is OK to use that school's 4.0 CGPA"
"300","7214702","National TsingHua University","Taipei","Taiwan","100/80/70/60","4.0/3.6/3.0/2.0","A = 80-100; B = 70-79; C = 60-69"
"301","","National University of Kaohsiung","","Taiwan","4.0/3.7/3.3/3.0/2.7/2.3/2.0","4.0/3.7/3.3/3.0/2.7/2.3/2.0","Check to see if scale matches US 4.0 scale. If so, it is OK to use that school's 4.0 CGPA"
"302","7210641","Tatung University","Taipei","Taiwan","100/80/70/60","4.0/3.6/3.0/2.0","A = 80-100; B = 70-79; C = 60-69"
"303","7210504","Yuan Ze University","Taoyuan County","Taiwan","4.0/3.7/3.3/3.0/2.7/2.3/2.0","4.0/3.7/3.3/3.0/2.7/2.3/2.0","Check to see if scale matches US 4.0 scale. If so, it is OK to use that school's 4.0 CGPA"
"304","7211625","Bilkent University","Ankara","Turkey","4.0/3.7/3.3/3.0/2.7/2.3/2.0","4.0/3.7/3.3/3.0/2.7/2.3/2.0","Check to see if scale matches US 4.0 scale. If so, it is OK to use that school's 4.0 CGPA"
"305","7110179","Bogazici University","Istanbul","Turkey","4.0/3.7/3.3/3.0/2.7/2.3/2.0","4.0/3.7/3.3/3.0/2.7/2.3/2.0","Check to see if scale matches US 4.0 scale. If so, it is OK to use that school's 4.0 CGPA"
"306","","DEFAULT Turkey - 10 Point Scale","","Turkey","10/9/8/7/6/5","4.0/3.6/3.5/3.0/2.9/2.0",""
"307","","DEFAULT Turkey - 100 Point Scale","","Turkey","100/85/84/70/69/50","4.0/3.6/3.5/3.0/2.9/2.0",""
"308","7113278","Middle East Technical University","Ankara","Turkey","4.0/3.7/3.3/3.0/2.7/2.3/2.0","4.0/3.7/3.3/3.0/2.7/2.3/2.0","Check to see if scale matches US 4.0 scale. If so, it is OK to use that school's 4.0 CGPA"
"309","","Sabanci University","","Turkey","4.0/3.7/3.3/3.0/2.7/2.3/2.0","4.0/3.7/3.3/3.0/2.7/2.3/2.0","Check to see if scale matches US 4.0 scale. If so, it is OK to use that school's 4.0 CGPA"
"310","7123174","Makerere University","Kampala","Uganda","5.0/4.5/4.0/3.5/3.0/2.5","4/3.3/3.0/2.7/2.3/2.0","A = 5.0; B+ = 4.5; B = 4.0; B- = 3.5; C+ = 3.0; C = 2.5"
"423","","Aston University","","United Kingdom","100/80/70/50","4.0/3.6/3.0/2.0","High Distinction = 80+; Distinction = 70-79; Merit/Pass = 50-69"
"311","7217658","Brunel University","Middlesex - London","United Kingdom","100/70/60/50","4.0/3.6/3.0/2.0","A = 100-70; B = 69-60; C = 59-50"
"328","7210727","The University of Manchester","Manchester","United Kingdom","100/70/60/50/0","4.0/3.6/3.0/2.0/1.0","Or First Class=3.6 /Second Class, Upper Division=3.0 /Second Class, Lower Division=2.0 /Third Class=1.0"
"312","","The University of Nottingham United Kingdom - UK Percentage","","United Kingdom","100/65/60/55/50/45/43","4.0/3.6/3.3/3.0/2.7/2.3/2.0","A = 70+; A- = 65; B+ = 60; B = 55; B- = 50; C+ = 45; C = 43"
"313","7110427","The University of Sheffield - Undergraduate","Sheffield","United Kingdom","100/70/60/50","4.0/3.6/3.0/2.0","Class I = 70-100; Class II Div 1 = 60-69; Class II Div 2 = 50-59; Class III = 45-49; Pass = 40-44"
"422","","University of Birmingham","","United Kingdom","100/70/64/60/50/40","4.0/3.7/3.3/3.0/2.0/1.0","70 or above = Class I, 60-69 = Class IIi, 50-59 = Class IIii, 40-49 = Class III; Honours Level Passing = Mark of 40 and above, Master's Level Passing = Mark of 50 and above"
"440","","University of Portsmouth","Portsmouth, England","United Kingdom","100/70/60/50","4.0/3.6/3.0/2.0","A = 100-70; B = 69-60; C = 59-50"
"315","9807001","DEFAULT Vietnam","","Vietnam","10/8/7.5/6/5","4.0/3.6/3.0/2.7/2.0","A+ = 9-10; A = 8.0-8.9; B = 7.5-7.9; C+ = 6.0-7.4; C = 5.0-5.9"
"314","7110219","Ho Chi Minh City University of Technology","Saigon","Vietnam","10/8/7/6/5","4.0/3.6/3.3/3.0/2.0","A+ = 9-10; A = 8-9; B+ = 7-8; B = 6-7; C = 5-6"
